package,crossover_package,crossover_file
NumPy,Kaggle_Yelp_Recommendations,https://github.com/GusSand/Kaggle_Yelp_Recommendations/blob/e65a690ecd909f4a748001f4253200298c7152e2/yelp_test_set/testfoo.py
NumPy,tyokyvyttomyyslaskenta,https://github.com/finKeva/tyokyvyttomyyslaskenta/blob/56001f842060909e1fc7491a536f753458b8c53a/test.py
NumPy,PyEX,https://github.com/maheshg81/PyEX/blob/2cb9911b43f05650ab77aefd9f7919c16f035325/PDA/analysis.py
NumPy,ombt,https://github.com/ombt/ombt/blob/51ba9dd8ccedeee1a903c262c1d90ca58306b019/pythonsrc/quick_python_book/chap4/num-py.py
NumPy,SRT22_3,https://github.com/PabloJMG/SRT22_3/blob/231d9f8597412e05e156c0381e88d4ed86503aa5/headers/head.py
NumPy,bin,https://github.com/jamesprime/bin/blob/3753e04e823fd2f05274b0272ae43136bcb20338/python/stats/gulp.py
NumPy,Python-Project,https://github.com/tito2016/Python-Project/blob/93563f58b21663a7168b07a629823d6305622480/PythonToolkit-14.04.04/ptk_lib/core_tools/numpy_pack/__init__.py
NumPy,biblio,https://github.com/b1naryth1ef/biblio/blob/9e6ed21fb2f1a3b37bbc09e7be2d5a3628dc16b7/biblio/parsers/__init__.py
NumPy,machinestudy,https://github.com/ivivisoft/machinestudy/blob/950f84c7cec160afa36907c01d4faba6ec45ebaa/numpydemo.py
NumPy,matrixloader,https://github.com/robertu94/matrixloader/blob/a2b5e7c617a53e7459db23ff82779dbd3af60992/matrixloader/builders/__init__.py
NumPy,UliEngineering,https://github.com/ulikoehler/UliEngineering/blob/9c021abb02f01a089d34c418c3e436c69d5b0899/UliEngineering/Utils/__init__.py
NumPy,einsum,https://github.com/dhollman/einsum/blob/97788a601b8f627ba9aba18c231ef8fdda842864/tensors/numpy_interface/__init__.py
NumPy,python_libraries,https://github.com/AJKippa/python_libraries/blob/0a4ea0a497fac10709cd04a5603e7ce9070db884/NumPy/base.py
NumPy,Kaggle_Titanic,https://github.com/hkaushalya/Kaggle_Titanic/blob/03f7daf03e0e2b3af4330f96d17aa47848b55141/rawcode/titanic.py
NumPy,Python-For-Data-Science,https://github.com/ramkumarkoppu/Python-For-Data-Science/blob/de15a76232c45f2e7e4db515d5239dfbb63b3931/Working%20with%20mixed%20datatypes%201.py
NumPy,Python-For-Data-Science,https://github.com/ramkumarkoppu/Python-For-Data-Science/blob/de15a76232c45f2e7e4db515d5239dfbb63b3931/Customizing%20your%20NumPy%20%20import.py
NumPy,Python-For-Data-Science,https://github.com/ramkumarkoppu/Python-For-Data-Science/blob/de15a76232c45f2e7e4db515d5239dfbb63b3931/Working%20with%20mixed%20datatypes%202.py
NumPy,MPI_Import,https://github.com/langton/MPI_Import/blob/282b982eef8f24d8b40ddc9a7337969f7bd658af/tests/testNumPy1.py
NumPy,MPI_Import,https://github.com/langton/MPI_Import/blob/282b982eef8f24d8b40ddc9a7337969f7bd658af/tests/testNumPy2.py
NumPy,MPI_Import,https://github.com/langton/MPI_Import/blob/282b982eef8f24d8b40ddc9a7337969f7bd658af/tests/testNumPy3.py
NumPy,Python,https://github.com/FlashXT/Python/blob/fcc3d5f7e23f0cd2702f368873b807fbeaa82f2e/PythonDataAnalysis/run_experiment.py
NumPy,Python-Descriptive-Statistics,https://github.com/nechoventsi/Python-Descriptive-Statistics/blob/31ee23fe7d63c5c5e14b558d325455ad4c28ef67/descriptive_statistics.py
NumPy,PY_StatisticalThinking,https://github.com/jabhij/PY_StatisticalThinking/blob/389745c25b591655681be7a70204836f1295e7d4/Graphical_Exploratory/3-Adjusting_Bins.py
NumPy,nbreversible,https://github.com/podhmo/nbreversible/blob/9b4eebedbb341df1da81ecabd0e2db56d4b11559/examples/03ipynb2python/01graph.py
NumPy,IPDP-Course-DTU,https://github.com/manugildev/IPDP-Course-DTU/blob/3fc6e3372485e835742b360ce434c78e97f28ea7/Assignment7/example.py
NumPy,CS5590-Python,https://github.com/Mahmooduddin/CS5590-Python/blob/1f4d35f17d77ad09624f72d388ece51733236e5f/Lab2/SourceCode/Lab2-Task4.py
NumPy,AccessoryHelper-PrettyCode-Pygments,https://github.com/WikidPad/AccessoryHelper-PrettyCode-Pygments/blob/a769377d350b187670870cfcc9a7bbc656ea693d/lexers/math.py
NumPy,vm,https://github.com/zenki2001cn/vm/blob/d98b411c10d199c69cbd733a85bfd8e53c2ed3ee/plugin/packages/wakatime/packages/pygments_py2/pygments/lexers/math.py
NumPy,vm,https://github.com/zenki2001cn/vm/blob/d98b411c10d199c69cbd733a85bfd8e53c2ed3ee/plugin/packages/wakatime/packages/pygments_py3/pygments/lexers/math.py
NumPy,IN712gardits1,https://github.com/tsgardiner/IN712gardits1/blob/cd7275c19a381e075084862c78bbe787ea3be99e/RestFramework/env/Lib/site-packages/pygments/lexers/math.py
scipy,mySoftwares,https://github.com/mmellati2009/mySoftwares/blob/db58bbc699a977ea014d880f0e2e42544de30d91/paraview-superbuild/tests/python/import_scipy.py
scipy,MachineLearning,https://github.com/wuqiank/MachineLearning/blob/b5fae2f338ad421b55f47c7791a54c380ea5241a/movie_recom/Webscope_R4/t2.py
scipy,TeamGolf,https://github.com/JoeMalt/TeamGolf/blob/2aae57390d8ca2f9474db9ce405b0330a522190e/Testing/GraphPlotting/fitting.py
scipy,PythonBridge,https://github.com/ehpi/PythonBridge/blob/c6e312ef714529b7605eac1b61e7abed152a5f5b/PythonBridgeTests/scipyScript.py
scipy,ParaViewSuperbuild,https://github.com/zenotech/ParaViewSuperbuild/blob/1d01b0b60733b56bb514c1d4a60edd2bb119589f/tests/python/import_scipy.py
scipy,FirstGITProject,https://github.com/MeetGandhi10/FirstGITProject/blob/341dce4de08d13b065d3a6458dcbb1d069dd48a7/ImportScipy.py
scipy,datascience,https://github.com/cuibj/datascience/blob/cf5979ca8ed45f10d07edc51f64a94db11e75f6f/sdy3.py
scipy,TeX_files,https://github.com/Hummels0211/TeX_files/blob/050dd5eb6e942f9e75125206f1a4896bcbaf39d2/ODE.py
scipy,python,https://github.com/rtreharne/python/blob/575d6275c9b73666c11bcb69185a02c8afb7a8fb/STAR/fmin.py
scipy,TeamGolf,https://github.com/etherandrius/TeamGolf/blob/2aae57390d8ca2f9474db9ce405b0330a522190e/Testing/GraphPlotting/fitting.py
scipy,visualharmony,https://github.com/robertadkins/visualharmony/blob/b379408838a28dc23f8744cd6b4e78eaaac47b2c/src/mood_classifier/moodify.py
scipy,randomCodes,https://github.com/gnorambuena/randomCodes/blob/61f5792b85c8b1f401e8716b6e088f625ec7b829/python/ex1.py
scipy,FunwithPython,https://github.com/gpawade/FunwithPython/blob/6554e57a520910164bba3b6dd7bedeacc4786700/examples/sciPySample.py
scipy,TestParaView,https://github.com/JiangQ1/TestParaView/blob/09e76381ff772c9948041339ba6140daf09fe7c8/SuperBuild/tests/python/import_scipy.py
scipy,T-Profiler,https://github.com/Yao-The-Beast/T-Profiler/blob/977e301d4bfc15d2bf09734280952ca68e91c612/Python/Test2.py
scipy,ncds_bsag_analysis,https://github.com/paulohecosta/ncds_bsag_analysis/blob/472806f5377ef0cd71176e17a066cf77cd47a4ed/tests.py
scipy,paraview-superbuild,https://github.com/zenotech/paraview-superbuild/blob/b87c78812ef2fdcf25ba6c54dc0d22bbf6b7831b/tests/python/import_scipy.py
scipy,paraview-superbuild,https://github.com/jpouderoux/paraview-superbuild/blob/896797a19395097d37651b95704ab0818d6f79aa/tests/python/import_scipy.py
scipy,markov,https://github.com/ucshadow/markov/blob/a96a201718dc0eba5afbd64c8cdd30954a9ac114/dasdasd.py
scipy,class_always_be_learning,https://github.com/sudnya/class_always_be_learning/blob/3d58a6db21d4f0b64682812b2359fea33d7679ed/NeuralNetworksForMachineLearning/assignment1/perceptron.py
scipy,python-playground,https://github.com/thijshosman/python-playground/blob/412f96f60f28f021cc1f8dc3f6ae4e1a8d0b756b/testimp.py
scipy,TEST_REPO,https://github.com/jtstanley/TEST_REPO/blob/9c0c8b4eee32f7de72c70aa579a13cf326ca752f/sub_folder/testfile3.py
scipy,POS,https://github.com/indramaul/POS/blob/987cfa30c6659a8e9fee0f25ff613efc563efb28/python/a.py
scipy,clusteror,https://github.com/enfeizhan/clusteror/blob/461ae9de96a441c70799b5aa74946085dd2aa6a2/tests/test.py
scipy,openfaas,https://github.com/jacopo1395/openfaas/blob/abf89f47e0db7ec0f95af9c66bf266e567d0fed6/performance/test.py
scipy,mpprojfinal,https://github.com/amateurcoder10/mpprojfinal/blob/7e04e8f4c7b12d5455cca0b0cc1dda51077709e3/pi-master/sample.py
scipy,twitter-clustering,https://github.com/gtrdp/twitter-clustering/blob/49436cdae3cd25ed8298956937963da49844d1be/old/clustering-hierarchical.py
scipy,code,https://github.com/vedsarkushwaha/code/blob/0514be69ba0a531da848f640b319ca7237fa239b/hackerrank/stats/nd.py
scipy,pi,https://github.com/amateurcoder10/pi/blob/e538a0cba437999e2679ef089a08eb128799a020/sample.py
scipy,Python,https://github.com/ZiqiaoLin/Python/blob/8b288f5154894cf7f2bbc218708e177f88c33238/function/scipy_exericise.py
nltk,pyplay,https://github.com/optixlab/pyplay/blob/6a351136fcfeeea21583dd612fc1aa2d1e04bf33/nltk/test1.py
nltk,udacityIntroMachineLearning,https://github.com/aspiringguru/udacityIntroMachineLearning/blob/4e7e4c29ac732cc2c7450ad8701a95cf03d4f832/naive_bayes/test_nltk.py
nltk,PythonML,https://github.com/abpwrs/PythonML/blob/25bf4cf71f919e8e79275d4f7ad0ca5900a380ab/semantic_similarity/similarityFunctions.py
nltk,nlpStuff,https://github.com/karanchahal/nlpStuff/blob/292b332b0a85ba5e300728f37476ff7eb43ba458/main.py
nltk,NOGO,https://github.com/Acenoly/NOGO/blob/0fc17a8e1861c2e20de0faecef8c6cff58818075/paper.py
nltk,social_humanities_data-hack,https://github.com/BarbaraMcG/social_humanities_data-hack/blob/ba01b1266f27a99612d5e74155e06d7be58411e5/test.py
nltk,pythonLearn,https://github.com/qqqty/pythonLearn/blob/55c191dd74aa04d3b43bc9d6eb29688eba6bee01/Tee/demo/nltk.py
nltk,Machine-Learning,https://github.com/ngtcs1989/Machine-Learning/blob/63ed397add5d46c80b5ad5b109ef1c2b5ee4d636/udacity-ML-Project/tools/test.py
nltk,Mimi,https://github.com/chzhgn/Mimi/blob/5ffe3f00ac9870a5a0052cfd9e1ee3052e097987/python/NLP/root/__init__.py
nltk,nlp,https://github.com/jhishan/nlp/blob/1d248afc48c54fca0089a7a2ea97c9e199388fdd/homework%203/homework3.py
nltk,wikirank-crawler,https://github.com/ydst22502/wikirank-crawler/blob/611e8b8463348f184ec26a1d13edcbc93be1b9fd/qg.py
nltk,sentiment-docker-hypervisor,https://github.com/stylesyou/sentiment-docker-hypervisor/blob/092be7bc749a83b4d94e704a9a007e408b689dd9/files/test.py
nltk,bookmark_me,https://github.com/RGaonkar/bookmark_me/blob/12062ab7599e63913c1d6b8516bc8ef0c47f79e5/files/firstpart/file1/classifier/sample.py
nltk,machine_learning,https://github.com/alexandry-augustin/machine_learning/blob/3339420d08569dfad3ea566177d297d0ee9ece1c/python_nlp/python_nltk/python_nltk.py
nltk,ExploringKafka,https://github.com/sreenathmadyastha/ExploringKafka/blob/32c750b5d357d4d5d58001ec99d336ac808c0a2c/Dataset/Reviews/tokens/test.py
nltk,tweethose-nltk,https://github.com/amanelis/tweethose-nltk/blob/75cccf7d4700fec901434b8eeba7a89b34ec1a42/python_nltk/demo.py
nltk,y2,https://github.com/pradeepppc/y2/blob/f9a0fd18b84dbe67010b0760599f326be0e55504/sem-3/ssad/Tryproject/try.py
nltk,GitHub_Recommendation_GSoC,https://github.com/jfilhoGN/GitHub_Recommendation_GSoC/blob/0d5938eeb5285ea9f8291b68c4c668d2c4cfab1b/Codes/scriptNltk.py
nltk,projects,https://github.com/ggauravr/projects/blob/749b2cef981dc3749c3f0ca84e3138c45cfd3c5d/python/testnltk.py
nltk,projects,https://github.com/ggauravr/projects/blob/749b2cef981dc3749c3f0ca84e3138c45cfd3c5d/python/testnltk_copy.py
nltk,Test,https://github.com/kadali/Test/blob/9c18d47bc95c17847e2b7cdc081a0b55839cabad/test.py
nltk,jint,https://github.com/zachweed/jint/blob/f012e5ba872cb70751b5a38c21dbf1ae656ecadf/analysis/__init__.py
nltk,dnanexus_mokabed,https://github.com/moka-guys/dnanexus_mokabed/blob/a8cbd247b7ad75ef918a08d14fc754303939d528/resources/home/dnanexus/anaconda2/pkgs/nltk-3.2.1-py27_0/info/recipe/run_test.py
nltk,bigdata_fall2015,https://github.com/juchiyama/bigdata_fall2015/blob/12aceac5752180aebb7b5fab8d2860ab7afadc90/python/rdt/nlp/filter.py
nltk,Data_Science_Final_Project,https://github.com/mdiscenza/Data_Science_Final_Project/blob/5d9d04270c9a73e280c255845719986a5f8240cc/Old%20code%20fragments/POS_tagger_old.py
nltk,labdb,https://github.com/luxandro/labdb/blob/79090e84c753a02ca23cadf62c1013a3b61da462/main/processor/__init__.py
nltk,nlp_scripts,https://github.com/yuriSF/nlp_scripts/blob/a05aad522904b489500feb47283b629838131684/my_conc.py
nltk,python_learn,https://github.com/carlhe87/python_learn/blob/9a8b313e0bdbdc5afc712301dc04ac1ba0aede13/topic_NLTK.py
nltk,PYSHA1.0,https://github.com/shafaypro/PYSHA1.0/blob/92bd4b7bd96703b6b31222a6a8574f40d626074b/Modules/machine_speak.py
nltk,textMine,https://github.com/IranNeto/textMine/blob/8992ca0a7dcaab534853f2c438b4a107c8eedb2b/teste.py
Sympy,Napier2.0,https://github.com/ByrdOfAFeather/Napier2.0/blob/4affc7017159ce24facdd6d5fac80ec62053b729/Math_Modules/linear_algebra.py
Sympy,issue,https://github.com/dfroger/issue/blob/cff9c9183b5ba1797682736aa649e7e965887431/conda-build-matchspec/toto/__init__.py
Sympy,SolidShock,https://github.com/marincapriles/SolidShock/blob/3fd4f8fa7f5b60817f00dc6d115fa2d86badeb4e/Hugoniot.py
Sympy,backup,https://github.com/satyaprakash-1729/backup/blob/7d7c9fb3451cbd79d0868f0f670581156e7272ac/prac/algo/prog3.py
Sympy,spinwaves_git_final,https://github.com/wflynny/spinwaves_git_final/blob/ed70e979b8836ce3cc3937d4778713c9a8421229/spinwaves/cross_section/util/sympy_testing.py
Sympy,Gunvarrel,https://github.com/Near32/Gunvarrel/blob/2835e3e3b030b2559a565f9526ffd6c66326b181/pythonVERIF/product.py
Sympy,spinwaves,https://github.com/wflynny/spinwaves/blob/dca1e6c8039722cf3caa965e0586fea77dd3e0d4/spinwaves/cross_section/util/sympy_testing.py
Sympy,Projects,https://github.com/david-hann/Projects/blob/bd9753e43b5b2a77c91d5c0f4502b728ef97ad65/Notes/LaTeX/Dynamics/import.py
Sympy,Notes,https://github.com/MattCocci/Notes/blob/826caf875b65395d73034a33cae494d4f3da2b46/StatEconFinance/AppliedStochasticAnalysis/HW8/ItoCheck.py
Sympy,spinwaves_git,https://github.com/wflynny/spinwaves_git/blob/6ade379af522a3c6d94b87f8c76518ae7826cc9f/spinwaves/cross_section/util/sympy_testing.py
Sympy,rc,https://github.com/elterminad0r/rc/blob/4c90582b8087e629a90e48a465eaf297c871fb86/startup.py
Sympy,python-bary,https://github.com/Delfad0r/python-bary/blob/e64327ac71b924fbe306029401dae0390feda8c4/bary/__init__.py
Sympy,calpy,https://github.com/elvis2e3/calpy/blob/ff2928dc92240e17a76a6505fe5348bc205bb445/calc/Calc.py
Sympy,py.book.code,https://github.com/hexu1985/py.book.code/blob/f33e85bc5ab8685e877e0044243d939daa58a821/py.sci.comp/chap04/B02092_04_11.py
Sympy,py.book.code,https://github.com/hexu1985/py.book.code/blob/f33e85bc5ab8685e877e0044243d939daa58a821/py.sci.comp/chap04/B02092_04_12.py
Sympy,LearnPy,https://github.com/tgh1122334/LearnPy/blob/673a749998f35581ccb6ecfa1b77541cfbaf6544/B02092_MAstering%20PythonScirntific%20Computing/Chapter%204/B02092_04_11.py
Sympy,LearnPy,https://github.com/tgh1122334/LearnPy/blob/673a749998f35581ccb6ecfa1b77541cfbaf6544/B02092_MAstering%20PythonScirntific%20Computing/Chapter%204/B02092_04_12.py
Sympy,3DBox,https://github.com/fuenwang/3DBox/blob/888a6ceb8bf14779d7de897dae603200478fd92d/formula/sim.py
Sympy,projecteuler,https://github.com/kecro/projecteuler/blob/74cc8a30464d485d01f51214dea3dbb449835c3e/problem007/solution.py
Sympy,project-euler,https://github.com/AndrewWalker/project-euler/blob/bb419379803d54066cbb86056b4877e228e9af9f/prob003.py
Sympy,projects_and_examples,https://github.com/antosavo/projects_and_examples/blob/aa9b00c3da0ff6c0c5589cc3ee341aea06204556/Python/0_Basic-Python/Examples/6_Symbolic%20computation/0.py
Sympy,solidmecanics,https://github.com/tournesol59/solidmecanics/blob/ef3f9f429ddb77aa0d2cde7fedbb915473594879/python/derivate_local_fields.py
Sympy,book_code,https://github.com/hexu1985/book_code/blob/7a3bd1b09fa8a6dde008faa181b78186b79411e3/py.sci.comp/chap04/B02092_04_11.py
Sympy,book_code,https://github.com/hexu1985/book_code/blob/7a3bd1b09fa8a6dde008faa181b78186b79411e3/py.sci.comp/chap04/B02092_04_12.py
Sympy,temp,https://github.com/bosskwei/temp/blob/208227561bc0313db71000ca5319a997d8fb1c38/PycharmProjects_2017/untitled_1/sympy_1.py
Sympy,strcuture_and_interpretation_of_classical_mechanics,https://github.com/wolfram74/strcuture_and_interpretation_of_classical_mechanics/blob/47dc0362294af11eb1e1fc21676cce1e583a78e9/01_chap_lagrangian_mech/ex_1_2.py
Sympy,BaseCousreOfPythonScienceStudy,https://github.com/konfer/BaseCousreOfPythonScienceStudy/blob/0db9cad08253c80197fd12dc00c7caa943765bcc/Chapter%204/B02092_04_11.py
Sympy,BaseCousreOfPythonScienceStudy,https://github.com/konfer/BaseCousreOfPythonScienceStudy/blob/0db9cad08253c80197fd12dc00c7caa943765bcc/Chapter%204/B02092_04_12.py
Sympy,Mastering_Python_Scientific_Computing,https://github.com/Wei1234c/Mastering_Python_Scientific_Computing/blob/74ecfb8a840870f4258d914245625abd013f4538/code/Chapter%204/B02092_04_11.py
Sympy,Mastering_Python_Scientific_Computing,https://github.com/Wei1234c/Mastering_Python_Scientific_Computing/blob/74ecfb8a840870f4258d914245625abd013f4538/code/Chapter%204/B02092_04_12.py
noaaclass,noaaclass,https://github.com/gersolar/noaaclass/blob/207492418c6f6d84630c5acb2296d88ab19b0c6c/tests/core_test.py
noaaclass,SatelliteSolar,https://github.com/scottlittle/SatelliteSolar/blob/af78f46ca23638e4f92bc0c8e70a951baa63a0c6/data-collection-scripts/noaaclass_request.py
noaaclass,goesdownloader,https://github.com/gersolar/goesdownloader/blob/829aeaa16ffc93689ebd2d2e802c7f35b4e26493/goesdownloader/instrument.py
noaaclass,noaaclass,https://github.com/gersolar/noaaclass/blob/207492418c6f6d84630c5acb2296d88ab19b0c6c/tests/noaaclass_test.py
noaaclass,noaaclass,https://github.com/gersolar/noaaclass/blob/207492418c6f6d84630c5acb2296d88ab19b0c6c/tests/gvarimg_test.py
pattern,kubed,https://github.com/joeblackwaslike/kubed/blob/1ee62e269a53d70177330961dc52b9fe4e84b90d/kubed/meta/__init__.py
pattern,PyDesignPattern,https://github.com/luoweifu/PyDesignPattern/blob/622776bbd9ea26d4a13b13704135bd97aec6c066/Test.py
pattern,jsongrep,https://github.com/dsc/jsongrep/blob/24520976ec72e39ea28adabdde89ae2e6e999124/jsongrep/glob/__init__.py
pattern,DevDuck,https://github.com/devendra3583/DevDuck/blob/c08b26a944b557d9f06a1e55db1a2c18d881088a/D_Day7/p.py
pattern,PAN,https://github.com/antopenrf/PAN/blob/4b3e2815407d1c6aa5edc724ad91535253a0c6d8/pattern/__init__.py
pattern,py_pattern_gen,https://github.com/dandro/py_pattern_gen/blob/4a30f70b9865c455915a1de6d70bc94a33a415df/pattern_generator/__init__.py
pattern,ledmatrix,https://github.com/mattgrogan/ledmatrix/blob/34ae91ea481480eeea96f589b49fbbab6b37a803/ledmatrix/pattern/__init__.py
pattern,fact_extraction,https://github.com/janetzki/fact_extraction/blob/4c705725a68cbe0507a0c08ed9dfcabe61b73b86/pattern_testing/__init__.py
pattern,birchtagger,https://github.com/vangaa/birchtagger/blob/b623af948b68c7eb1c6e401ac23b1180962ca1f2/birchnlp/pattern_matcher/__init__.py
pattern,neutronpy,https://github.com/neutronpy/neutronpy/blob/983fe90300e9de64b456cf990c30ddca0253ce24/neutronpy/scattering/__init__.py
pattern,pwnpattern,https://github.com/Matir/pwnpattern/blob/889dc45c1343657c5e2611682c21bfbcab691684/__init__.py
pattern,Localize_object-in-4-axis-,https://github.com/WikiGenius/Localize_object-in-4-axis-/blob/508bfbc0432179172134a9f69ea177c331d4309a/project_robo_vision1/RoboVision/pattern_recognition/__init__.py
pattern,coll-extract,https://github.com/mirko-vogel/coll-extract/blob/2ec9946a764c9d79829d73e4035b6a2918163a37/extraction/__init__.py
pattern,CS-3450-Project-Templates,https://github.com/ErichDonGubler/CS-3450-Project-Templates/blob/ac48a5aca700e76d362c89eb406ea816f928fce5/src/templates/python3/pattern_module/__init__.py
pattern,CS-3450-Project-Templates,https://github.com/ErichDonGubler/CS-3450-Project-Templates/blob/e77acd271466672d7aa04a26aeec0c28f55cdd35/src/templates/python2/pattern_module/__init__.py
pattern,corredor,https://github.com/ahal/corredor/blob/bd70ff3cfde43823e59c0b9ebc1fe8a8b7d18620/corredor/__init__.py
pattern,codigo-penal-digital,https://github.com/Gian26/codigo-penal-digital/blob/9da2daadd8614f3fde6db0857548c2ccd1465a6e/django_env/lib/python3.6/site-packages/rx/joins/__init__.py
pattern,flask_graphql,https://github.com/mjmconvento/flask_graphql/blob/e09dc171174153e5a8951b915e17dc6ac3a752e7/env/lib/python2.7/site-packages/rx/joins/__init__.py
pattern,rvpository,https://github.com/vainotuisk/rvpository/blob/4e1a68395a4a9f5e77df6d74d6fd6a4e70f6c86b/djangodev/lib/python3.5/site-packages/rx/joins/__init__.py
pattern,python-prep,https://github.com/nishantpa/python-prep/blob/a2d0874efaf3c4eec578a81c43b4710945682382/graphql/venv/lib/python3.6/site-packages/rx/joins/__init__.py
pattern,python-beginners,https://github.com/nishantpa/python-beginners/blob/b5f697991171c72a92c453d0026c797a0058ffe6/graphql/venv/lib/python3.6/site-packages/rx/joins/__init__.py
pattern,testing_homework,https://github.com/roshanmechoth/testing_homework/blob/e8680ae955e2d7f6247472a8f2de562f472a7fcb/test_pattern.py
pattern,fedora,https://github.com/marcosptf/fedora/blob/3f3b334f0f4ffe53f6e40a466f84dac96f0f60b2/python/flask-webservices-labs/graphene-labs/.venv/lib/python3.6/site-packages/rx/joins/__init__.py
pattern,fedora,https://github.com/marcosptf/fedora/blob/1732d6dfc209f982aa76bec9b737f9bdeccf232e/python/flask-webservices-labs/flask-graphene-sqlalchemy-labs2/.venv/lib/python3.6/site-packages/rx/joins/__init__.py
pattern,fedora,https://github.com/marcosptf/fedora/blob/01051ddd79200bec274dec7d936bcde8dde078b7/python/flask-webservices-labs/flask-graphene-sqlalchemy-labs/.venv/lib/python3.6/site-packages/rx/joins/__init__.py
pattern,fedora,https://github.com/marcosptf/fedora/blob/7d2345e53320466b70118b3b40281c197f52089d/python/flask-webservices-labs/flask-graphene-sqlalchemy-alexisrolland-labs4/.venv/lib/python3.6/site-packages/rx/joins/__init__.py
pattern,wanfadalu_server,https://github.com/m969/wanfadalu_server/blob/45579ab635caefd78fded9c1e0cac5e84d01c7a8/libs/rx/joins/__init__.py
pattern,netseer-test-agent,https://github.com/audynespinoza/netseer-test-agent/blob/6570371e9fb6ade672f0a31de45e13074522bec2/venv/lib/python3.6/site-packages/rx/joins/__init__.py
pattern,stockcharts,https://github.com/axs221/stockcharts/blob/e345e77c82e2ada7088a23134a8934fb69b6048b/api/vendored/rx/joins/__init__.py
pattern,rx-libs,https://github.com/yqfang/rx-libs/blob/989309a4f0c130d58b0b9c3d6d2b2477d175b64c/rxpy-example/rx/joins/__init__.py
pandas,FristProject,https://github.com/wrick198/FristProject/blob/3ed4bf60b400912df6d8fe6a7a4e85d342a454b8/hello.py
pandas,Pandas,https://github.com/humphrij/Pandas/blob/af964f1db6bc91e12157b2f8ccf1c87b20ead94f/Sandbox.py
pandas,hello-world,https://github.com/bettyzhangr/hello-world/blob/f4b817a98498e6cd11c40cd8e7f16ca9815210d6/test/test.py
pandas,CMDA,https://github.com/richgruss/CMDA/blob/e6253e302f8d600a78edcf4832f7f95ea3c67055/lectures/pandas.py
pandas,Pycharm,https://github.com/Ilmetov/Pycharm/blob/c95e73dee45c5a7f174be62e1c04b6b4d960f1d3/Lipetsk/research.py
pandas,yuzhouwan,https://github.com/asdf2014/yuzhouwan/blob/c89fefab33277ece0577788ff1329ffd7939d458/yuzhouwan-hacker/yuzhouwan-hacker-python/src/main/python/com/yuzhouwan/hacker/python/pandas/pandas_example.py
pandas,stock,https://github.com/lk3687051/stock/blob/94281ce06b8f4c030752559068ada205fb9fd15d/test.py
pandas,vscode,https://github.com/jenarthanan/vscode/blob/67280458cacc7868320bd61ef49ecfde56b8c4aa/NLP/SetupCommentClassify.py
pandas,Python,https://github.com/RobVor/Python/blob/10d07a11939ee0aac085a6f75233a3a57d23b346/Training/Projects%20in%20Course/Pandas/Analytics.py
pandas,Data_Extraction1,https://github.com/sreyneth88/Data_Extraction1/blob/720f4c5e014a523399d3a5c143e86b2f3a003c0b/data_cleaning/cleaning.py
pandas,HelloWorld,https://github.com/Fisher-Yang/HelloWorld/blob/0afe2da9b2579a95a55f25f110da198b7c5d0675/hello.py
pandas,fun-challenges,https://github.com/Sinsin1367/fun-challenges/blob/6e0327b83e34bf89acd54c0770f37f4af1c95d41/graphlab_t01.py
pandas,HS_Project,https://github.com/aurquhart/HS_Project/blob/9d55cc450f07a5a392254c277bac3da8f25d01d1/testing%202.py
pandas,HS_Project,https://github.com/aurquhart/HS_Project/blob/9d55cc450f07a5a392254c277bac3da8f25d01d1/testing.py
pandas,Naazuktatte_Python,https://github.com/Naazuktatte/Naazuktatte_Python/blob/f042e23a29c12f7d727b49f9067fd3b30beab506/projects/skeleton/AmazeBalls/__init__.py
pandas,test,https://github.com/tintinwang/test/blob/9c587fb2a4f6ca901480da21a22db1856e788207/pycode.py
pandas,UsFhfaHousingData,https://github.com/accraft/UsFhfaHousingData/blob/3fb88793a8a87793dbafe4fe6a51449d2cfdabe9/Analyze%20Datasets.py
pandas,wm-stats-blog,https://github.com/kelvinabrokwa/wm-stats-blog/blob/5fbfe494bd916d8e5afa96686af2e618d57c3de4/bid_data/raw_data/data_format2.py
pandas,python_mega_course,https://github.com/spsanderson/python_mega_course/blob/44ef71f0b351aef06643f75b51854117cc2c9b83/Section6%20-%20Pandas/test.py
pandas,test,https://github.com/RobCarr13/test/blob/04f500e034092199e09079d4ea2c2f0ae563a035/test.py
pandas,weather,https://github.com/drewtang/weather/blob/b63ed950199791a0ed458321fa2b312d7c7929e2/weather.py
pandas,barcode_processor_v2,https://github.com/jackzhang84/barcode_processor_v2/blob/ffe6cc81f3deb2c4a18aa9f49840d0a4b2be107b/processor/fastq_download.py
pandas,ACM_Python_Workshop,https://github.com/LukeTaylor255/ACM_Python_Workshop/blob/f5d193a6005a44b5dde774dba57e6c6d57b4e510/Week4/DataVisualization.py
pandas,python_code_2017,https://github.com/icanactnow/python_code_2017/blob/d54c1131ebe98a8b8850d57c4877d579b627a764/%E6%A1%90%E6%A2%93%E8%B0%83%E5%BA%A6%E6%95%B0%E6%8D%AE%E6%8A%93%E5%8F%96/%E6%A1%90%E6%A2%93%E6%94%B9json/test.py
pandas,expense-analysis,https://github.com/blairg23/expense-analysis/blob/eed3bc5320d662468d744f5b7fc3450534f039b5/expense-analysis.py
pandas,PyDataAnalysis,https://github.com/marcoy/PyDataAnalysis/blob/9e975fe2c698109cf9ffa01dd6d4e723b043c812/scratch.py
pandas,codingplace,https://github.com/Anylee2142/codingplace/blob/f2dd94959c0e57b7c0c5cda61f7ce5b8eca55117/python/pythonmega/3_numpy/tmp.py
pandas,GitHub_Python_Scripts,https://github.com/sarmour/GitHub_Python_Scripts/blob/7616ed54125128219db7adb236e0f0259fc24888/Other/Pandas.py
pandas,cs181proj5,https://github.com/rubensp1/cs181proj5/blob/5fc7a90a05ef75e26b29e8ec3b857018d92acba2/temp.py
pandas,PycharmProjects,https://github.com/easyshell/PycharmProjects/blob/ccde363e0e858a6011511701213dda2c6f6f9945/lagou/data_process/load_data.py
noaadata,PyNOAAGeoMagIndiceHandler,https://github.com/priendeau/PyNOAAGeoMagIndiceHandler/blob/32021fe2755792d2a98adeb36845ed7a7eaf29c8/setup.py
noaadata,aislib,https://github.com/stregoika/aislib/blob/e0d7093ede08eb6a7577b4b6769cfc1cb5735e81/make_waterlevel_ais.py
noaadata,aislib-old,https://github.com/stregoika/aislib-old/blob/69ef8073691adba4803c376dd41b5979df3731d5/aislib/noaadata-sonia/make_waterlevel_ais.py
noaadata,ais,https://github.com/noahhsmith/ais/blob/63aa32dbd29cf4445df288124f208c52006ab70a/noaadata/dumpallwl.py
noaadata,noaadata,https://github.com/schwehr/noaadata/blob/a7183db4cbd5d7ffd782f36ca991d44e3f340dcd/noaadata/dumpallwl.py
noaadata,aislib,https://github.com/stregoika/aislib/blob/e0d7093ede08eb6a7577b4b6769cfc1cb5735e81/noaadata/dumpallwl.py
noaadata,aislib-old,https://github.com/stregoika/aislib-old/blob/69ef8073691adba4803c376dd41b5979df3731d5/aislib/noaadata-sonia/noaadata/dumpallwl.py
scikit-learn,Edge-Analytics,https://github.com/IoT-Expedition/Edge-Analytics/blob/d7e8237f13cb264f9c772b343e2830ebe1319662/virtual_sensor/archive/version.py
scikit-learn,steamroller,https://github.com/TomLippincott/steamroller/blob/0b2e1db2beb1371ee20061ef593da0c80f778784/src/models/__init__.py
scikit-learn,NLPTest1,https://github.com/ankita541/NLPTest1/blob/46fdfeb26a3ddb883814cec888ed995fe6386bc6/python_test.py
scikit-learn,movies,https://github.com/qcai2002/movies/blob/51ca814fd7725f35dbea6a91a468ab88094a8018/movies3.py
scikit-learn,variational-inference,https://github.com/caugusta/variational-inference/blob/2af909537c2e820127da7e331a49c3299b2dd5b2/ExampleMaybe.py
scikit-learn,rango,https://github.com/singhalabhishek160/rango/blob/020cd33b6d1bd506aa9ad960da245c2d4887ba06/tango_with_django_project/test.py
scikit-learn,MLforFun,https://github.com/ZeliangSu/MLforFun/blob/153ed13cf511eaf44062e726128cb04fa6f138aa/ML_for_FF/MachLear.py
scikit-learn,csmm101_ai,https://github.com/zzzdeb/csmm101_ai/blob/c1d921c04dbc1470dddc06e4426112e396c79d95/PJ7/Perceptron/problem1_3.py
scikit-learn,PythonVSCode,https://github.com/kabak08/PythonVSCode/blob/01ae99c29b71361f2edfc820af2e011d39a85546/Test.py
scikit-learn,PythonVSCode,https://github.com/kabak08/PythonVSCode/blob/6e5402b23ce35c10f9f68eb822420606ef1c829b/Test%20-%20Copy.py
scikit-learn,Development,https://github.com/likarajo/Development/blob/78cde33542b6535523f56d04bc1d4262545b2e7b/DataScience/Iris/iris.py
scikit-learn,MLParser,https://github.com/sumsum88/MLParser/blob/471b9d6cd1d20a7adcef747b1c0fdedaf9ad2346/MLParser/train/__init__.py
scikit-learn,moodbot4,https://github.com/antoinecomp/moodbot4/blob/8bc24fad31be3104ec90a9b1a67737e5f928f43d/MoodEnv/lib/python3.5/site-packages/tensorflow/tools/api/generator/api/keras/wrappers/__init__.py
scikit-learn,qtensorflowexample,https://github.com/nimaaghli/qtensorflowexample/blob/2d11e4433df3e9eecbe25c412266178c1e2d5cf1/tensorflow/tools/api/generator/api/keras/wrappers/__init__.py
scikit-learn,Python,https://github.com/rashid-ibrahim/Python/blob/92832ae5bbe506e601e324634416b58063f432fc/keras/Lib/site-packages/tensorflow/tools/api/generator/api/keras/wrappers/__init__.py
scikit-learn,AndroidViewAnalyserNeuralNetwork,https://github.com/Yasinaaa/AndroidViewAnalyserNeuralNetwork/blob/a5491640210848c75657e15bdfa0dbc7a212e607/venv/Lib/site-packages/tensorflow/tools/api/generator/api/keras/wrappers/__init__.py
scikit-learn,keras_test,https://github.com/misumi3104/keras_test/blob/9bd69a297d964e91a3f4c302df6a16ad846220cb/venv/lib/python2.7/site-packages/tensorflow/tools/api/generator/api/keras/wrappers/__init__.py
scikit-learn,machine-learning,https://github.com/wenyali/machine-learning/blob/286dde89173ea98f075fd07a4902e6e6389358df/venv/Lib/site-packages/tensorflow/tools/api/generator/api/keras/wrappers/__init__.py
scikit-learn,P2_Data_Mining,https://github.com/miguelmuniz46/P2_Data_Mining/blob/5bc30badbbe4db3bdfaf94f8d18dcd33ca6f8bbc/Data%20Mining/venv/Lib/site-packages/tensorflow/tools/api/generator/api/keras/wrappers/__init__.py
scikit-learn,poGANmon,https://github.com/ELanning/poGANmon/blob/7190e1ac611ec76eaabfd1d14a6e4b8cf5329c30/venv/Lib/site-packages/tensorflow/tools/api/generator/api/keras/wrappers/__init__.py
scikit-learn,tct,https://github.com/liyu10000/tct/blob/99fd34778bdbd7d53d20e9bb17cfed80f1880032/venv/Lib/site-packages/tensorflow/tools/api/generator/api/keras/wrappers/__init__.py
scikit-learn,deep-learning,https://github.com/noorulhasan06/deep-learning/blob/540f9aa8d4608ae13a3c631b01b2ba061e05c6a2/Lib/site-packages/tensorflow/tools/api/generator/api/keras/wrappers/__init__.py
scikit-learn,scraper,https://github.com/pharvie/scraper/blob/c970f2e6de58c2d551b7a102f2c8269f0be58005/venv/Lib/site-packages/tensorflow/tools/api/generator/api/keras/wrappers/__init__.py
scikit-learn,TensorflowKerasLambda,https://github.com/diegonat/TensorflowKerasLambda/blob/f7a10abe1b926530423b85094de43882e28835eb/tensorflow/tools/api/generator/api/keras/wrappers/__init__.py
scikit-learn,thesisPreparation,https://github.com/Rechargeable22/thesisPreparation/blob/c8aba0829ede3a1e6b95621bdfd546217aeb0d38/venv/Lib/site-packages/tensorflow/tools/api/generator/api/keras/wrappers/__init__.py
scikit-learn,learning-Learning,https://github.com/samsaranc/learning-Learning/blob/eacc200c54afaac3000b791eb09350b5475cd525/ML/naive_bayes/ClassifyNB.py
scikit-learn,CryptoCare,https://github.com/aB9s/CryptoCare/blob/0a3c7f3bc3a5a679a3b2fdda83a4ae342edeae48/venv/Lib/site-packages/tensorflow/tools/api/generator/api/keras/wrappers/__init__.py
scikit-learn,Binary_Classification_CNN,https://github.com/Marsunbi/Binary_Classification_CNN/blob/186f113bfd82f8a274fe97b6e9e6302ca2407679/venv/Lib/site-packages/tensorflow/tools/api/generator/api/keras/wrappers/__init__.py
scikit-learn,mygluon,https://github.com/tenghaha/mygluon/blob/e295a34b29713d262408c1a5e9d5ff7a1c40ea84/Lib/site-packages/tensorflow/tools/api/generator/api/keras/wrappers/__init__.py
scikit-learn,TensorFlow,https://github.com/suzhixiang/TensorFlow/blob/865fbbb50d60ed3d88ff0f4d5589d90cf7f09192/Lib/site-packages/tensorflow/tools/api/generator/api/keras/wrappers/__init__.py
lipd,Pyleoclim_util,https://github.com/LinkedEarth/Pyleoclim_util/blob/f9d2ceae44b9ca94257a581975b24125b740df4f/pyleoclim/LipdUtils.py
lipd,LiPD-utilities,https://github.com/nickmckay/LiPD-utilities/blob/e830d6e2f4ba0dc64058058358acd6e552803499/Python/lipd/__init__.py
lipd,Pyleoclim_util,https://github.com/LinkedEarth/Pyleoclim_util/blob/f8cef2ea106f734e30f872102a9b313e1adc9dd2/pyleoclim/__init__.py
lipd,p2k,https://github.com/fzhu2e/p2k/blob/e17e8f16c93868747540b8065d249c142021a6b8/p2k/__init__.py
rpy2,astrostats-school-2018,https://github.com/RustyPanda/astrostats-school-2018/blob/abe5c91d557a2963b5c748e28d054ddcee9f38a5/experiment.py
rpy2,cdat,https://github.com/CDAT/cdat/blob/eb1a5b5e61d42f9982e941e0f7a8963d1a1579d7/testing/rpy2/test_rpy2_import.py
rpy2,Aston,https://github.com/bovee/Aston/blob/007630fdf074690373d03398fe818260d3d3cf5a/aston/compat/XCMS.py
rpy2,Python-working,https://github.com/lichenganlike/Python-working/blob/82ac924e962052c692e98931bfad2ebe138c7456/Machine_learning/R/R_connect/connect_r.py
rpy2,Anomaly_Detection,https://github.com/chuyuou/Anomaly_Detection/blob/ae77de56fdf57234b8dca05c2b6ae71cb0f1e61d/utils/R_connector.py
rpy2,sagesmc,https://github.com/sagemath/sagesmc/blob/e8d1d31f6f598dba2d763baa2d2e804338f9e89e/src/sage/stats/test.py
rpy2,sage-obsolete,https://github.com/saraedum/sage-obsolete/blob/4262d856b92f9e1772d71f993baa6aecbbd87a87/sage/stats/test.py
rpy2,sage-obsolete-padic,https://github.com/saraedum/sage-obsolete-padic/blob/32edbcafb7bdf1ccfef0e58f7e604e5ac158c425/sage/stats/test.py
rpy2,sagelib,https://github.com/williamstein/sagelib/blob/f583b1b9f384e3be442c39b35e0c51a9e4815cba/sage/stats/test.py
rpy2,sage,https://github.com/pgxiao/sage/blob/4eb290cb5eed300946c8fdd2b3356a57a8e53691/src/sage/stats/test.py
rpy2,sage,https://github.com/jkeitel/sage/blob/9d85b34956ca2edd55af307f99c5d3859acd30bf/src/sage/stats/test.py
rpy2,GSoC_2014,https://github.com/haikona/GSoC_2014/blob/5455c8da1c124656fd388800a416e3ebc0d2ba8a/src/sage/stats/test.py
rpy2,sagelib,https://github.com/sagemath/sagelib/blob/fd0c7c46e6a2da4b84df582e0da0333ce5cf79d9/sage/stats/test.py
rpy2,sage,https://github.com/lukas-lansky/sage/blob/00199fb220aa173d8585b9e90654dafd3247d82d/src/sage/stats/test.py
rpy2,sage-nonsocial,https://github.com/saraedum/sage-nonsocial/blob/6c208ff6d8b1ff287cd85a83f2c24eb854299e44/src/sage/stats/test.py
rpy2,sageproject,https://github.com/ingolfured/sageproject/blob/3561c4dd8f9492dfe2ac18a7680144f17a390fe7/src/sage/stats/test.py
rpy2,classic_diff_geom,https://github.com/theronhitchman/classic_diff_geom/blob/2b1d88becbc8cb30962e0995cc78e429e0f5589f/src/sage/stats/test.py
rpy2,sage,https://github.com/acrlakshman/sage/blob/76b4ac437e59e26a80df7c9886e56f36345b622b/src/sage/stats/test.py
rpy2,demo,https://github.com/stankewicz/demo/blob/00199fb220aa173d8585b9e90654dafd3247d82d/src/sage/stats/test.py
rpy2,Src,https://github.com/amitvpatel06/Src/blob/a656ddaf3359992a48318336be612ce6a1190461/Users/ashichman/rpy_test.py
rpy2,testsage,https://github.com/sageb0t/testsage/blob/34c039b9d27f011f717eb51a48d1edeb6d177c4a/src/sage/stats/test.py
rpy2,habs,https://github.com/Mbrownshoes/habs/blob/971d2a1e4496b95790a7555469eeea06e4b43e3c/makeMatrix.py
rpy2,LCA,https://github.com/sungjoonpark93/LCA/blob/4f9eb3e53851f1160717abc17ea4d9195b01b66b/test.py
rpy2,gis-data-plotter,https://github.com/hijinks/gis-data-plotter/blob/33cddf916de365fbebda5e11fd87569364e946b6/plot/scatter_error.py
rpy2,rat_lung_microbiome,https://github.com/granek/rat_lung_microbiome/blob/89fbe3e5fbf5db93af893974d4314bbc0822ff7d/play_scripts/test_rpy2.py
rpy2,RNAseq_Tools,https://github.com/fxy1018/RNAseq_Tools/blob/00ac1e17816375b44476f896d4d39cb97b3c03a4/rpy2_test.py
rpy2,isl_exercises,https://github.com/zechfox/isl_exercises/blob/5003457869632aaae5e21e296c8ab91cf2866dea/dataSet/convertRda.py
rpy2,data-in-the-mines,https://github.com/kennethd/data-in-the-mines/blob/43f5978abf604b84aa80298bf129b32700e5fa82/data-in-the-mines/ditm/examples/mtcars.py
rpy2,Kaggle,https://github.com/tanbo0312/Kaggle/blob/c94e3d3bde3abf8f4e8d8c29c8cec0d70678c912/python%E6%A8%A1%E6%9D%BF.py
rpy2,AWSLambdaServerless,https://github.com/osya/AWSLambdaServerless/blob/aa4c0ab7bde062589c64687a3b50315ce86adf00/aws-python/testrpy2.py
pyleoclim,Pyleoclim_util,https://github.com/LinkedEarth/Pyleoclim_util/blob/f9d2ceae44b9ca94257a581975b24125b740df4f/pyleoclim/SummaryPlots.py
seaborn,individual-sandbox,https://github.com/podhmo/individual-sandbox/blob/e6af75ca7daff12d90b817f0c60dcdfa3a197806/daily/20171031/example_seaborn/00import.py
seaborn,Exercicios_data_science,https://github.com/raphael-souza/Exercicios_data_science/blob/f2671b1ead7061c7870404f12c50fe3b3f82578e/seaborn_visualisacao.py
seaborn,data_vs,https://github.com/4o4tech/data_vs/blob/ce2f8a0d702cdd3c9302f81b931a89d4ec4ae4a1/getData.py
seaborn,classes,https://github.com/nickfang/classes/blob/55c37c255225c2333d8756f0d95a7d856e99384d/udemy/pythonBuildDataAnalysisProgram/workingWithVisual.py
seaborn,probability-and-statistics,https://github.com/joel-huang/probability-and-statistics/blob/c3854ee242b1244b1ce77795ef95fb48e2445c7f/joint_plot.py
seaborn,ac0n3,https://github.com/amccarty/ac0n3/blob/0b41ffc9294d0c2f13659b258ab79cae28ef2073/seaborn-0.8.1-py36hfad7ec4_0/info/test/run_test.py
seaborn,lectures,https://github.com/harris-ippp/lectures/blob/7d2d5fe444f285f2e2ee534ca0396ce1dfb1958e/08-stats/ex/sns_import.py
seaborn,python-playground,https://github.com/toon159/python-playground/blob/81ef54b26aafdb523de58d12f5c3141b33ed4c73/test.py
seaborn,Police-Violence,https://github.com/Yixiang-Cai/Police-Violence/blob/9d8c594e2b7a0ce3c9e913febb39b0ffb10b8589/project/project.py
seaborn,PycharmProjects,https://github.com/okeonwuka/PycharmProjects/blob/06f6a970a737c4aec0bad5aa87dc70a23f82b584/UdacityMLENanodegree2/machine-learning-master/projects/boston_housing/BH_submission_notes.py
seaborn,Python-snippets,https://github.com/DarquesM/Python-snippets/blob/fc9062324bed8ae978348eb5e54e26c3194e262a/Visualisation/Seaborn.py
seaborn,python-enhance-life,https://github.com/staticor/python-enhance-life/blob/422138f0d164450ec431962ef489d49e377a161b/seaborn-work/seaborn-base.py
seaborn,CSE-547,https://github.com/halfhorst/CSE-547/blob/27ebd7308875ac5146049bfca494829bd4c4defd/Homework%202/Kmeans/plot.py
seaborn,nonlinear_coreg,https://github.com/juhuntenburg/nonlinear_coreg/blob/c4faa41c5c1401eaf6955557750f3d9834dfa271/eval/test_virtualenv.py
seaborn,Exercicios_data_science,https://github.com/raphael-souza/Exercicios_data_science/blob/f2671b1ead7061c7870404f12c50fe3b3f82578e/Seaborn_regressao.py
seaborn,Titanic1,https://github.com/hellopiece/Titanic1/blob/3d7d07d895a2be27a7c0d8e7d2a5b8b2fa699bf3/test1.py
seaborn,Insights-Business-Intelligence-Tool,https://github.com/sahilpwr/Insights-Business-Intelligence-Tool/blob/a4c3426aed0bf4d31e8059d1644aec8ffcd569a9/Insights-Business-Intelligence-Tool/Insights_Business_Intelligence_Tool.py
seaborn,gitTest,https://github.com/namanzam/gitTest/blob/27c515dea79424ac41b43cb5650b618314270d42/index.py
seaborn,ColorantesPena,https://github.com/MidoriR/ColorantesPena/blob/7b6d0e469ea0fb1b5b72f208d9a0ad393485b602/pair_plot.py
seaborn,puppetserver-metrics-viz,https://github.com/puppetlabs/puppetserver-metrics-viz/blob/c02e2d0e9b41c7e45b2021b77e9514a61f5acf06/puppetserver_metrics_viz/__init__.py
seaborn,commondatacases,https://github.com/dtemple/commondatacases/blob/7c1670e928e6e010c242babb2e7e99db2dee9c23/visualization.py
seaborn,portfolio,https://github.com/eric-czech/portfolio/blob/2beba13fe416dfaff33ec7ef83f3f4f21e3429a7/demonstrative/python/notebooks/startup/ipy_seaborn.py
seaborn,Python,https://github.com/tinyliewang/Python/blob/c38d5a30f1c17eebb92749dd8d15cdca9572c03d/learn/6.py
seaborn,Seaborn,https://github.com/christensonb/Seaborn/blob/3ab9ecb832bebfd23215ff6d2768cbbd9eb0feee/seaborn/table/__init__.py
seaborn,solution_eda,https://github.com/commit-live-admin/solution_eda/blob/21900a71b5b5a19af087412289055cf4cda9fff4/q04_cor/build.py
seaborn,simfootball,https://github.com/ThomasHolden/simfootball/blob/fc9fdd3707e12cd93d518fa3f8bed2c180f9382c/main.py
seaborn,study-in-univ,https://github.com/sawaranokirimi/study-in-univ/blob/7f3c3753151049e2cd952c1d091229922d35b80e/graph.py
seaborn,seaborn-sandbox,https://github.com/podhmo-sandbox/seaborn-sandbox/blob/519ba9893955761ac3624d057d14af5bd5722e9b/template.py
seaborn,business_analytics,https://github.com/TanakaLab2018/business_analytics/blob/eb821edd47027238db1c28e08ad2073e6713640f/sample_code/5/5_21.py
seaborn,import_tester,https://github.com/zar686/import_tester/blob/5cd0e47440686c42593b751076db331f504cc0ed/import_tester.py
statsmodels,ac0n3,https://github.com/amccarty/ac0n3/blob/0b41ffc9294d0c2f13659b258ab79cae28ef2073/statsmodels-0.8.0-py36h8533d0b_0/info/test/run_test.py
statsmodels,BitterBits,https://github.com/codemeleon/BitterBits/blob/8803bc2cfbd26a7023ac9f4d7156c93c01afdad0/src/bacterial_machine_learning_gene_search.py
statsmodels,anaconda-recipes,https://github.com/ContinuumIO/anaconda-recipes/blob/2e182205628b7e96e8e5baa40f91028ee92436c1/statsmodels/run_test.py
statsmodels,lectures,https://github.com/harris-ippp/lectures/blob/7d2d5fe444f285f2e2ee534ca0396ce1dfb1958e/08-stats/ex/smf_import.py
statsmodels,Thoughtful-Data-Science,https://github.com/DTAIEB/Thoughtful-Data-Science/blob/b6e37cc874fba8b13c21f65349ea166d48366bbe/chapter%208/sampleCode1.py
statsmodels,keras,https://github.com/xmxkkk/keras/blob/01da31bbe830cbd8cbab150c6ed6fa3c3a3b86e4/time_test.py
statsmodels,PythonForDataAnlysis,https://github.com/jarrodolson/PythonForDataAnlysis/blob/0d3ea8055366c44791ed377ac409b6dc8f4043b6/ModelingExamples.py
statsmodels,vbench,https://github.com/statsmodels/vbench/blob/1d6073552c960c17ea5d25c10c2185455d9de322/sm_vb_common.py
statsmodels,cookiecutter,"https://github.com/isabelacastilho/cookiecutter/blob/a8284c148ec97240c2d9c958483013c4b8f0efc0/%7B%7Bcookiecutter.project_name%7Ccapitalize%7Creplace(%22%20%22,%20%22_%22)%7D%7D/run.py"
statsmodels,data_science_assistant,https://github.com/WeiqiWeng/data_science_assistant/blob/047dc9e8f63f985f5ccc43048eeb369ab2b6ffff/machine_learning_assistant.py
statsmodels,Python_coding_Practice,https://github.com/fangguo0207/Python_coding_Practice/blob/0f23217efbc3a038add84f28fa686d469818d885/pydata32.py
statsmodels,Python-ML,https://github.com/austinmw/Python-ML/blob/23a9350e431e95c793edf4a1cf20c5302dff42b9/Introduction%20to%20Time%20Series%20Forecasting%20with%20Python%20-%20BOOK%20CODE/appendix_02/version.py
statsmodels,code_extraction,https://github.com/Ejhfast/code_extraction/blob/5297a4a3aab3bb37efa24a89636935da04a1f8b6/python/python_24936.py
statsmodels,code_extraction,https://github.com/Ejhfast/code_extraction/blob/5297a4a3aab3bb37efa24a89636935da04a1f8b6/python/python_19797.py
statsmodels,Practice_Programming,https://github.com/HeekyungAndMunkyu/Practice_Programming/blob/18db7440f139a084b3f8c222cf3031a05ee42e65/Others/IntroToDataScience/ps1_simple_heuristics.py
statsmodels,AD_study,https://github.com/tfukami/AD_study/blob/94098ec41564e4e18e2115c16fe5cd858fb5b731/regression.py
statsmodels,Time_Series_For_Python,https://github.com/siskaj/Time_Series_For_Python/blob/4655f920a044c510de5bbcc21b8f603b5d03f73e/appendix_02/version.py
statsmodels,recommendationlearning1,https://github.com/anishmahapatra01/recommendationlearning1/blob/c526dc310d2d7413d277b5de2b4ad1fae54f561b/datascience/recommendations.py
statsmodels,import_tester,https://github.com/zar686/import_tester/blob/5cd0e47440686c42593b751076db331f504cc0ed/import_tester.py
statsmodels,PDA,https://github.com/menghaocheng/PDA/blob/f4b9932c58a25836f4b298dc26cb8ec6fa1efc56/dataset_alpha.py
statsmodels,fulton_statsmodels_2017,https://github.com/ChadFulton/fulton_statsmodels_2017/blob/9cc6fcb1ce4b821c3d4c6656b0023fd93b11c48f/paper/source/sections/code/c1_common.py
statsmodels,US_CENSUS,https://github.com/avita21/US_CENSUS/blob/5677e15f56f84f5395df01ed4ad7f07a406ac591/example.py
statsmodels,jp_git,https://github.com/hanseulnam/jp_git/blob/f850aaf516b3fff166836229b326a9253b4a2d14/jp_python.py
statsmodels,dataMining,https://github.com/duskcloudxu/dataMining/blob/2c84f03658e8379babf1a0d1af49ea9603cd3ee9/test.py
statsmodels,PythonBasics,https://github.com/Nahalius/PythonBasics/blob/f59f167cb7c3edf962cb381ee7d66394da500a11/Advance/teststatistics.py
statsmodels,AirBnb-Destination-Prediction,https://github.com/strixlabs/AirBnb-Destination-Prediction/blob/5f0305444eeb4c05b43dd1f87da2ce19446dd2ba/logistic_Regression.py
statsmodels,code,https://github.com/coeroberts/code/blob/715385b69ff68e207ab0ca901bece1078b58324d/python_workshop.py
statsmodels,mypy,https://github.com/mmagnuski/mypy/blob/e36de2db14cbcaa61de9c6014a61a90845c77d1d/mypy/init_stats.py
statsmodels,STA137,https://github.com/clarkfitzg/STA137/blob/6b24b5e2f3e5197c3fecaaacd16045ed166b89f7/regression/regress.py
statsmodels,data_science,https://github.com/csethna/data_science/blob/ef7e025b98651f45491a475ad7c6d7b562631e18/linear_regression.py
ipython,pymol-home,https://github.com/asford/pymol-home/blob/9278ec28bcd6e312ed1e5f6824beed1c3f5ef585/pymol_scripts/PyMOLKernel.py
ipython,bsp,https://github.com/gkahn13/bsp/blob/d920b6e687e6167b574cc3716acfebe9b725b5cc/pf/eih/python/eih.py
ipython,vision,https://github.com/vladfi1/vision/blob/f83ff9a754382277b3dde7ee1607fafa59971b14/Hand/IPython.py
ipython,learning,https://github.com/current-liu/learning/blob/ec240b0b07735b2444039ea2acda3d329f9981b2/demo/test.py
ipython,ac0n3,https://github.com/amccarty/ac0n3/blob/0b41ffc9294d0c2f13659b258ab79cae28ef2073/ipython-6.2.1-py36h88c514a_1/info/test/run_test.py
ipython,rep,https://github.com/avancemos/rep/blob/b1957fcf9af3322c080e544c5038e04ef3b36a95/rep.py
ipython,ac0n3,https://github.com/amccarty/ac0n3/blob/0b41ffc9294d0c2f13659b258ab79cae28ef2073/ipython_genutils-0.2.0-py36hb52b0d5_0/info/test/run_test.py
ipython,python,https://github.com/obulpathi/python/blob/ef3c20ac985a28ac911f9a4badb619436ee487b5/ipython/embedding.py
ipython,Python,https://github.com/eeealexxx/Python/blob/3dfdc368882278296f2f47b8920b22588dac912c/Practice_exercise_1.py
ipython,devide.olddevidecombined,https://github.com/chrisidefix/devide.olddevidecombined/blob/ad3e357ddfb6325c18a4a40fc55830d0fcb4cc70/dre/dreams/ipython.py
ipython,devide.dre,https://github.com/ivoflipse/devide.dre/blob/1aeb7a4bc3d73147d39214a7f0ab3afbaf9bd050/dreams/ipython.py
ipython,borneo,https://github.com/mspraggs/borneo/blob/f9e83dd8fb3bb05822ec57751219cfd88f5787fa/borneo/commands/shell.py
ipython,Menpo_Playground_With_Mynotes,https://github.com/AdamLee19/Menpo_Playground_With_Mynotes/blob/52ab876a4f4ea2d9cf9f7cc4acacf01cc3d87a4c/menpo_playground/src/lib/python3.5/site-packages/envisage/plugins/python_shell/api.py
ipython,devide.dre,https://github.com/nagyistoce/devide.dre/blob/1aeb7a4bc3d73147d39214a7f0ab3afbaf9bd050/dreams/ipython.py
ipython,xblock-ipython,https://github.com/neurolit/xblock-ipython/blob/920082ac5015d2c72899b77959e793c1c7ab2d54/ipython/__init__.py
ipython,py2exe-test,https://github.com/sci-bots/py2exe-test/blob/f7ee024098e9b64ebd281535e1f660cdd5dba88a/ipython.py
ipython,Envisage_wxPhoenix_py3,https://github.com/braidedlogix/Envisage_wxPhoenix_py3/blob/691e11bc449ef80f92d4d44bb84e586f38838042/envisage/plugins/python_shell/api.py
ipython,roti,https://github.com/SharangP/roti/blob/08fd89e03db631ac73fec2192e25ae75302c3697/shell.py
ipython,devide.dre,https://github.com/cpbotha/devide.dre/blob/1aeb7a4bc3d73147d39214a7f0ab3afbaf9bd050/dreams/ipython.py
ipython,xblock-ipython,https://github.com/openfun/xblock-ipython/blob/b295b2dc9c291e9e3d1010219773b47a416579d0/ipython/__init__.py
ipython,kubifuri2013,https://github.com/kotyatokino/kubifuri2013/blob/671da954aaca5e3f01b2da32178a133c8012aab9/console.py
ipython,python,https://github.com/datalabai/python/blob/ef3c20ac985a28ac911f9a4badb619436ee487b5/ipython/embedding.py
ipython,collective.ruleactions.pythonscript,https://github.com/collective/collective.ruleactions.pythonscript/blob/3f55a397ed0bce1b99d92b20467a6e7b7af19f6f/collective/ruleactions/pythonscript/__init__.py
ipython,envisage,https://github.com/enthought/envisage/blob/38c1ffc40cdd0b9a2e19faed80c8f253a08c553c/envisage/plugins/python_shell/api.py
ipython,devide.dre,https://github.com/zhangfangyan/devide.dre/blob/1aeb7a4bc3d73147d39214a7f0ab3afbaf9bd050/dreams/ipython.py
ipython,science,https://github.com/stephenosullivan/science/blob/164e82df0655337ac4966273d9cc489d002d8987/lib/python2.7/site-packages/envisage/plugins/python_shell/api.py
ipython,devide.dre,https://github.com/dm05/devide.dre/blob/1aeb7a4bc3d73147d39214a7f0ab3afbaf9bd050/dreams/ipython.py
ipython,devide.dre,https://github.com/chrisidefix/devide.dre/blob/1aeb7a4bc3d73147d39214a7f0ab3afbaf9bd050/dreams/ipython.py
ipython,LISA,https://github.com/ElricleNecro/LISA/blob/8a08ae95de68f94ae1221c3d077da7238783671d/scripts/ipython.py
ipython,synthetic_dataset,https://github.com/lovit/synthetic_dataset/blob/1cd40563ddc41b31c6c1660927f8335d097ec1ae/soydata/visualize/__init__.py
bokeh,assai,https://github.com/chbrandt/assai/blob/22869704baa6153f16068151a519481b2b37ba05/assai/plot/plot/__init__.py
bokeh,assai,https://github.com/chbrandt/assai/blob/22869704baa6153f16068151a519481b2b37ba05/assai/plot/plot/base/__init__.py
bokeh,100-Heroes-Villains,https://github.com/LouiseVuitton/100-Heroes-Villains/blob/e30d259b726b575ba712da8e3c0a4887d6639e79/plots.py
bokeh,file-io-n8yoon,https://github.com/UCMHSProgramming16-17/file-io-n8yoon/blob/6659e42e2f8a4867f8e4e131869f48e01d1d6984/donow.py
bokeh,ac0n3,https://github.com/amccarty/ac0n3/blob/0b41ffc9294d0c2f13659b258ab79cae28ef2073/bokeh-0.12.13-py36h2f9c1c0_0/info/test/run_test.py
bokeh,pydata,https://github.com/jhorey/pydata/blob/b9fe69a05dd469c4413c9d3f108349c257441b4a/bokeh/init.py
bokeh,reboting,https://github.com/hedata/reboting/blob/d190c368610da860ae7bb41d27fc1d5f1ea43baa/dev_config/docker/install_sampledata.py
bokeh,data-visualization,https://github.com/eshanMewantha/data-visualization/blob/a054e1d2c806b1060f745b99b1263e66f708093d/bokeh/quick-start/time-series/download_data.py
bokeh,misc,https://github.com/end0cr1ne/misc/blob/6d123c88185d743d3df3e3680f2fd6208b9da691/Truss%20Recomender/tp.py
bokeh,isadream,https://github.com/biggstd/isadream/blob/f348b82207e016bceded0fe751a73a50b2a0c80d/linkeddualvis/main.py
bokeh,Project,https://github.com/davis-9fv/Project/blob/b4f7e337f5781bd390e389a6511580e0448d0966/run3.py
bokeh,dds-notebooks,https://github.com/edinburghlivinglab/dds-notebooks/blob/5ce1582b81a190e51adade6bea93b2c999c00073/dds_lab/show.py
bokeh,pycon2016,https://github.com/gizm00/pycon2016/blob/7e93202bc101db546742e274fadc32166659f646/docker/bokeh_download.py
bokeh,bokeh-build,https://github.com/digideskio/bokeh-build/blob/3900a962812e8d263c5ee121c2a0263ad4d3c3ff/conda.recipe/run_test.py
bokeh,BokehApp,https://github.com/csordelet/BokehApp/blob/2038d72ca3a1219c7496660e7b8a5adad5bd64b0/conda.recipe/run_test.py
bokeh,bokeh,https://github.com/marcuskd/bokeh/blob/a1e668a44d537aa79b981561dfed7919a1cca79d/conda.recipe/run_test.py
bokeh,bokeh_nightly,https://github.com/quasiben/bokeh_nightly/blob/acf9ffbb2887b08a98cea378fcd5895b982a1b5b/conda.recipe/run_test.py
bokeh,py-tracy,https://github.com/tommycarpi/py-tracy/blob/f10916e9219e902187fa4be2e874da83bb7251c7/bokeh-master/conda.recipe/run_test.py
bokeh,riskars,https://github.com/amrosado/riskars/blob/034cd7befeace847009f7d40a11aae41d6742b8d/oldsite/python_viz/bokeh/conda.recipe/run_test.py
bokeh,flask,https://github.com/pyjsdev/flask/blob/9d0dd899a9cbf756b3d83c33e3d8a47e7db40cc5/conda.recipe/run_test.py
bokeh,conda-recipes,https://github.com/conda/conda-recipes/blob/a796713805ac8eceed191c0cb475b51f4d00718c/python/bokeh/run_test.py
bokeh,intelligent-code-completion,https://github.com/cndn/intelligent-code-completion/blob/edb80a083f481aa30897d5cb91c2bc53708b9ec5/raw_data/8184_run_test.py
bokeh,LIB,https://github.com/maxHiroshima/LIB/blob/67e3564b47a6d2f210b84e688d64ba9676c470fa/readonly/bokeh-0.12.6dev1/conda.recipe/run_test.py
bokeh,software_analytics,https://github.com/chickendorf/software_analytics/blob/fcf9995637a1ad42b6d148de03dbeba646818005/Projects/bokeh-master/conda.recipe/run_test.py
bokeh,euroscipy_2015,https://github.com/M-R-Houghton/euroscipy_2015/blob/87c7a3ff842651365b7233ca3b45acc1366e5f10/bokeh/conda.recipe/run_test.py
bokeh,bokeh_start_app,https://github.com/TBxy/bokeh_start_app/blob/654e79234b3b5971967d68f8de286dfcc075e396/app/static/libs/bokeh/conda.recipe/run_test.py
bokeh,newGitTest,https://github.com/arvindchari88/newGitTest/blob/5a19f7d01d417a34170a8f760a76e6a8bb7c9274/Anaconda/pkgs/bokeh-0.11.0-py27_1/info/recipe/run_test.py
bokeh,bokeh,https://github.com/tamuzhang/bokeh/blob/70eec44a8e714fd5af151aae3db2dccdd40c7b52/conda.recipe/run_test.py
bokeh,bknqgis,https://github.com/Ziqi-Li/bknqgis/blob/8f439bc2e91dd287500f418d63b841ae1ed2431d/bokeh/conda.recipe/run_test.py
bokeh,Anaconda,https://github.com/wangyum/Anaconda/blob/d1b2c17a5198752694639edb39d599ea6029830d/pkgs/bokeh-0.11.1-py27_0/info/recipe/run_test.py
theano,TechFriday1-19-2018,https://github.com/raijin9t/TechFriday1-19-2018/blob/e11bf082647a0c014e0957c4b07ef657e8cff5e3/sample_da.py
theano,brian,https://github.com/brian-team/brian/blob/2ac30d709d3d47020eda7a4e9e51854c0577f7b2/dev/ideas/theano/theano_test.py
theano,dl,https://github.com/concinntyTurtle/dl/blob/278a6a6f6d929f760da1d422022e5fba18513f2f/myLSTM.py
theano,ProbabilisticProgramming,https://github.com/adrielb/ProbabilisticProgramming/blob/7e63cb0ded70955a868c72238f1511f2697bb902/theano/repl.py
theano,Amortized_SVGD,https://github.com/lewisKit/Amortized_SVGD/blob/a81ba589343d8328797cb188dccb3829a776538c/lib/__init__.py
theano,test,https://github.com/zck17388/test/blob/04465e11d0b6db31ba8d03a5640e8a9b5da5498c/a.py
theano,kaggle_yelp,https://github.com/jingxia/kaggle_yelp/blob/bf89761c431a43d7f57cc161ccf8aff153520387/code/_try.py
theano,ckm,https://github.com/Vaishaal/ckm/blob/44a09157250a74c2af9df3368a84c7b3cba04843/keystone_pipeline/src/test/resources/theano_conv.py
theano,wxywb.github.io,https://github.com/wxywb/wxywb.github.io/blob/4131338fb96eaa8f08678c4b26e2c2291476bc6b/content/test/un.py
theano,rbm-awesomeness,https://github.com/lauraskelton/rbm-awesomeness/blob/b84be3aea3d556b885ad01e7deb7646f6061ddef/rbm.py
theano,galatea,https://github.com/goodfeli/galatea/blob/71797ef62deacfc63059fb70719dddad97a77662/theano_upgrades/__init__.py
theano,autoencoder-experiments,https://github.com/ririw/autoencoder-experiments/blob/1913e977a6b9558870dfd13a38a09a31e3532b16/structural_encoder/__init__.py
theano,deep-learning,https://github.com/cristianku/deep-learning/blob/afaa26b4662bfdf6ee6d35641eaba45f76f69c70/test.py
theano,deepQRNetwork,https://github.com/Chrispyb/deepQRNetwork/blob/e2954f0c7ea11be4c4a40e2579c6ec4017ef6660/models/deepq.py
theano,NLP,https://github.com/Mespith/NLP/blob/b2bf85e39090c35bb0d3c9b8bf7b95473cd930b2/RNN/TheanoRNN.py
theano,cs760_big_project,https://github.com/jessegomer/cs760_big_project/blob/4cbe61a387cd738aa2b4a3b2f0139be54b54d427/project/dlearn_1.py
theano,travis_sandbox,https://github.com/UFAL-DSG/travis_sandbox/blob/e425ec4c5bd0535addb9b56d8536e3eda9907b7e/test.py
theano,ConvolutionMovements,https://github.com/JDanielGar/ConvolutionMovements/blob/dd18b6b20c77b43ddeb92e5497403807bc157a4f/TestMovimientos/RecurrentTest/parity.py
theano,emotion_recognition,https://github.com/JSGandora/emotion_recognition/blob/ac868aa20b13235c1338dc8ac38f4b3a685f5a1d/src/theanoTest.py
theano,deep-base,https://github.com/dominiek/deep-base/blob/09b750d1351a6a024c791f1df6ac291ed95dec06/frameworks/keras/test/load.py
theano,Theano_lgpl,https://github.com/Theano/Theano_lgpl/blob/38e53d430d12eabfc1ea2d076b9f1cf05f25efee/theano_lgpl/__init__.py
theano,Test,https://github.com/742820488/Test/blob/2942a9d8ad887adf71a3a2439ff09bf29755ace9/pythonworkspace/thea.py
theano,unimindService,https://github.com/arashilen/unimindService/blob/f8a3c14de9ddcc5ccb3ba59a3c97147361fb06f2/keras/test.py
theano,Dockerfiles,https://github.com/shunliz/Dockerfiles/blob/193528671a8643358e12669ced12d9cb52a977a8/deep/deep-base/frameworks/keras/test/load.py
theano,vclab,https://github.com/MichaelStergianis/vclab/blob/e5d9d43d433c4644ee6215d195266cffbb75316b/theano/examples/test.py
theano,conda-recipes,https://github.com/philopon/conda-recipes/blob/7864d3195787c241544294e6d0c23119b5f4b966/theano/run_test.py
theano,Triah,https://github.com/Sri-Vishnu-Kumar-K/Triah/blob/0f3b25a0979f7e2740d0f1cb5d60327f21474780/Dummy.py
theano,ML-algorithms,https://github.com/JonnyTran/ML-algorithms/blob/8c79b2dc39e41c473b2c0e5a1b07ee0950a95e34/Projects/LUAD-WSI/util.py
theano,Keras-GAN,https://github.com/Shaofanl/Keras-GAN/blob/e891a2f4a231948a4ea6874e4dd951fd5c25b574/legacy/GAN/__init__.py
theano,ml-audio,https://github.com/pertschuk/ml-audio/blob/221474fd4fc8db1d16e2d5274953a2b42c6b7724/network.py
matplotlib,editors-json-tests,https://github.com/kiteco/editors-json-tests/blob/b165463ec8f09025796409cb7447cc6956ace04a/data/whitelisted/file2.py
matplotlib,PYTHON,https://github.com/gordonms1/PYTHON/blob/829e9b84e03a64309cf9f43850571bb5e566c8ca/modules.py
matplotlib,Principles-of-Programming-Python-3,https://github.com/YufeiZhang/Principles-of-Programming-Python-3/blob/938bebecfc341676d600c8813734c07025524087/Labs/lab6/sydney_temperatures.py
matplotlib,GCA,https://github.com/nwrush/GCA/blob/4f31e2939dbff7f5ab835b44d38de809cb2fd5c0/Analysis/FrequencyPlot.py
matplotlib,mechnets,https://github.com/AntonOsika/mechnets/blob/47362610fe00e37b007346a2718432a3b19f78f2/1.py
matplotlib,mySoftwares,https://github.com/mmellati2009/mySoftwares/blob/c1b56cfa197618774c9047348bab793789afd7de/paraview-superbuild/tests/python/import_matplotlib.py
matplotlib,IntroToMachineLearningNYU,https://github.com/nataliest/IntroToMachineLearningNYU/blob/bec92c633feddbb71497a0e1ab819e71fa95f474/mult_lin_reg/test.py
matplotlib,IntroToMachineLearningNYU,https://github.com/nataliest/IntroToMachineLearningNYU/blob/bec92c633feddbb71497a0e1ab819e71fa95f474/simp_lin_reg/test.py
matplotlib,flask_old,https://github.com/johnfaria/flask_old/blob/c15e55382dff0dde998c40b5a50ebc3b53a7fdb9/test.py
matplotlib,python-practice,https://github.com/nut-city/python-practice/blob/e1446fe7754dba5bd131815542fe0ecd9ade9adb/graph.py
matplotlib,chi-o-metrics,https://github.com/the-viking/chi-o-metrics/blob/f0a099de2237d0490881f47a0cce86399af48b23/visualize.py
matplotlib,RoboND-rover,https://github.com/kor01/RoboND-rover/blob/f7e10a756b18237201373158b2bc8235db04a235/code/replay_analysis/_visualize_action.py
matplotlib,learngit,https://github.com/shouwangzhe134/learngit/blob/2ea43b449a80eff4a54e297a99496443afeca5db/hello.py
matplotlib,TestParaView,https://github.com/JiangQ1/TestParaView/blob/09e76381ff772c9948041339ba6140daf09fe7c8/SuperBuild/tests/python/import_matplotlib.py
matplotlib,Ravens-Progressive-Matrices-AI,https://github.com/IanRiceDev/Ravens-Progressive-Matrices-AI/blob/9f4141925826a92162d3be54fc6be81b38aca698/RPMAI/agentFiles/grader.py
matplotlib,python,https://github.com/zhenghaizhang/python/blob/5034a04e78dae3c1ca2a2203b361bafb803de46b/tianshan/L20161127/shuju.py
matplotlib,load-shed,https://github.com/Ola752/load-shed/blob/236ba5a83b0211420f94c6336472bd1d5e0416a2/loadshed/utils/__init__.py
matplotlib,MachineKitOpenCNC,https://github.com/hdmonline/MachineKitOpenCNC/blob/02a2aa63692502f8d3e1858cc1cfaa029a486579/Interface%20Application/pncApp/Threaded%20Implementation/test_modules2.py
matplotlib,Differential-Gene-Expression-,https://github.com/nlavie/Differential-Gene-Expression-/blob/54980994d44d3f037ee4da2d1f36643ed8b0a953/test.py
matplotlib,python-01,https://github.com/AnmingXie/python-01/blob/e66c18fcbae6b89c2be317686bbeb6caadae1a22/abc.py
matplotlib,paraview-superbuild,https://github.com/zenotech/paraview-superbuild/blob/b87c78812ef2fdcf25ba6c54dc0d22bbf6b7831b/tests/python/import_matplotlib.py
matplotlib,msc,https://github.com/dgalus/msc/blob/59e7aa03ca852525229824499e61b7f2737bdea1/app/admin/utils/chart_generator.py
matplotlib,machinelearingPython,https://github.com/thlius/machinelearingPython/blob/9f23e75dad2004ca85dc7791940941a9973bc53e/decisionTree/treePlotter.py
matplotlib,tools,https://github.com/liuxuyang/tools/blob/6894fa9e6859c54cfcf7e99a65a4f9757c7bbf74/kpiTest/tool/image.py
matplotlib,ParaViewSuperbuild,https://github.com/zenotech/ParaViewSuperbuild/blob/a3b3c1b14eb86f43590574a7ec59bb9a0b32e6bd/tests/python/import_matplotlib.py
matplotlib,KNN,https://github.com/daihaihui/KNN/blob/8903e2d103657c05a3c36fe6eaf8c8949ad6cf5d/KNN/test.py
matplotlib,PySpace,https://github.com/VishalChak/PySpace/blob/bb1b9c844466f7ebf6b810ba5d947ca17527b849/Prectice/matplot_lib.py
matplotlib,stellar_interiors,https://github.com/Joefdez/stellar_interiors/blob/914c3e59a4977612fc5823806e3da9d794eaba1d/libs/graphlib.py
matplotlib,MyPythonNotes,https://github.com/Vishnu-Sankar/MyPythonNotes/blob/1b846849e3b3144f3a0d7fdee1b4497a86ee5d1c/hitogram.py
matplotlib,python_study,https://github.com/danliang2006/python_study/blob/f1e6e83ca76537ecb487e0ced1d960334ba510aa/alien_invasion/Matplotlib1.py
plotly,THESIS_NU_2017,https://github.com/saintwings/THESIS_NU_2017/blob/f6ca794301a959fb41a19487c7326e3c5daaebd0/CODE/src/Namo_Code/test_othermodule.py
plotly,thesis_2018,https://github.com/saintwings/thesis_2018/blob/eb32c615c811f96620f1fb477d76dca01a420c2e/CODE/src/Namo_Code/test_othermodule.py
plotly,-Soplo-y-Soplo....-pero-su-Tp-aguanto-,https://github.com/GregorioF/-Soplo-y-Soplo....-pero-su-Tp-aguanto-/blob/fd6a21a04c80b213ef43e35b9eb8de5683fbc6e3/Experimentos/PIXELAR/test.py
plotly,THESIS_NU,https://github.com/saintwings/THESIS_NU/blob/a494fd66dc8e43a212f60f276cfe39c9f13b777d/CODE/src/Namo_Code/test_othermodule.py
plotly,thesis_2018_1,https://github.com/saintwings/thesis_2018_1/blob/4fb8c51eccf4aec6e6363ae2e65ef78dc2bd2b26/CODE/src/Namo_Code/test_othermodule.py
plotly,backtrader_plotting,https://github.com/verybadsoldier/backtrader_plotting/blob/036e762ed9e23d3e7112882f580a271111d4cd34/backtrader_plotting/plotly/__init__.py
plotly,seamless,https://github.com/sjdv1982/seamless/blob/b081535c660f1a02d6e1520f1bb2909c5e2fb512/seamless/lib/plotly/__init__.py
plotly,ssid-mobile-server,https://github.com/kenpu-uoit/ssid-mobile-server/blob/f4288443181ac7920feb54a6103c6551646d0dea/src/plotly_version.py
plotly,Final_Project,https://github.com/amberkar/Final_Project/blob/ecebf66796280c05e203f6e14353099542e8ba44/plotlyconfig.py
plotly,Bioinf_utils,https://github.com/mjohnpayne/Bioinf_utils/blob/1ba6d4791d8fac61418a61aa15d35363f786b47d/solar/make_solar_plots.py
plotly,Plotly,https://github.com/ebwinters/Plotly/blob/25926463e738847f61192114fbbd71d556bef7df/boxplot.py
plotly,thesis,https://github.com/mdstroop/thesis/blob/2f95a8b0a2cdf6b548903ee3c3b25a2ac2740cbd/Create_Heatmap-python/Recursive_dir_walk.py
plotly,pcornet,https://github.com/Duke-Translational-Bioinformatics/pcornet/blob/bbff184d5604db3d9b0fb0bd2e9831f631f359c6/pcornet/serializers/__init__.py
plotly,Capstone-Project,https://github.com/anl6cc/Capstone-Project/blob/cd57a3444522e3d1d58998af363bf9c289eeb1a2/Previous%20Work/graph.py
plotly,social-network,https://github.com/xuan6/social-network/blob/078a5baa374a70025328c5bd0075c26de898a414/test.py
plotly,Third-Assignment_Numerical-Simulation,https://github.com/KshitizD/Third-Assignment_Numerical-Simulation/blob/8fb5ea0cb8a68a4948f5f60a55844f5b78ebc8b6/multiprocess_v_value_func.py
plotly,third-assignment,https://github.com/numeraire92/third-assignment/blob/7fdc8965351268e74ad4f774ec78fd5495a67b16/multiprocess_v_value_func.py
plotly,plotlyhtmlexporter,https://github.com/plotly/plotlyhtmlexporter/blob/7c4abaca0ebe8c9c9b1dd4612216620ce6fc4c9b/plotlyhtmlexporter/__init__.py
plotly,plotlyhtmlexporter,https://github.com/tarzzz/plotlyhtmlexporter/blob/565ec9e3f837d833deef5490301cf78f6f2c682c/plotlyhtmlexporter/__init__.py
plotly,Votified,https://github.com/adithyaj/Votified/blob/5120719ff051d161536bf92302c1c5bf8f1d3825/Visualizers/grapher.py
plotly,sandbox,https://github.com/Meteodeep/sandbox/blob/f5dfb325b866d3a416b656afc63f97c5e94a3c37/PlotLy_Simple.py
plotly,Power_Network_Australia,https://github.com/pankajsphy/Power_Network_Australia/blob/974dc3b80bfe69d7aaefdc3732805850f6390659/shared_import.py
plotly,Plotly-with-Python-Introduction-Workshop,https://github.com/GTLibraryDataVisualization/Plotly-with-Python-Introduction-Workshop/blob/10a6879adf4175bcfcc173e24a421ac0e019ccdf/plotly_workshop_blank.py
plotly,sihomework,https://github.com/imaan423/sihomework/blob/eb836cc4f1748aca1a4a2f13033275dde51b50a1/project4/fbtrial.py
plotly,RecSys,https://github.com/hophamtenquang/RecSys/blob/535472844a046cadd9230302da647a54afff95e8/env/lib/python2.7/site-packages/graphlab/_beta/views/platform/wrappers/__init__.py
plotly,Plotly,https://github.com/wchristian/Plotly/blob/c93d7ad502892a859a81abfe7d41e02eede52294/API/packages/python/plotly/plotly/__init__.py
plotly,StackOverflowRecomender,https://github.com/ei08047/StackOverflowRecomender/blob/34e87bce53fcd63ede78d171a053754d90085d3c/Python27/Lib/site-packages/graphlab/_beta/views/platform/wrappers/__init__.py
plotly,Sentiment-Analysis,https://github.com/samarthgupta29/Sentiment-Analysis/blob/5efbc1c4c2da7c5c5301f042061697b5915e014a/venv1/lib/python2.7/site-packages/graphlab/_beta/views/platform/wrappers/__init__.py
plotly,casestudy,https://github.com/mohammadsakrdev/casestudy/blob/a2f281152f1a5946373f8d2c43cce44a8e41155c/venv/Lib/site-packages/graphlab/_beta/views/platform/wrappers/__init__.py
plotly,Improving-Prediction-Rate-with-Collaborative-Neighborhood-Recommendation-System-,https://github.com/hisandeepsingh/Improving-Prediction-Rate-with-Collaborative-Neighborhood-Recommendation-System-/blob/d40dc94c1e69e00fb7d1c64e93a74c360840b4a5/venv1/lib/python2.7/site-packages/graphlab/_beta/views/platform/wrappers/__init__.py
jupyter,PythonFromScratch,https://github.com/lizprogrammer/PythonFromScratch/blob/51044380c1b7704c7140f5c233dd266ac7e86c89/29_jupyter.py
jupyter,Inno2,https://github.com/AllenZYoung/Inno2/blob/78558d17f18e7c5a1adaac26bde3db585def9eea/Jtest.py
jupyter,py_spider,https://github.com/HIFYIYI/py_spider/blob/9db9faa249ae0b2b7251ee456aa1bc385b9ab0c3/gg.py
jupyter,Networks,https://github.com/trvbot/Networks/blob/317ab1b50a5a956855ba20f799a286a85a1371b2/jupyter%20intro.py
jupyter,jupyter_container,https://github.com/liushapku/jupyter_container/blob/13d02c05c3f4cceeb1b96ca173a2df59c6842383/test/main.py
jupyter,ac0n3,https://github.com/amccarty/ac0n3/blob/0b41ffc9294d0c2f13659b258ab79cae28ef2073/jupyter_client-5.2.2-py36_0/info/test/run_test.py
jupyter,fabric-jupyter,https://github.com/tomo0111/fabric-jupyter/blob/761f142f5164676b719a6a15feb491a804e3fc93/fabfile/__init__.py
jupyter,ac0n3,https://github.com/amccarty/ac0n3/blob/0b41ffc9294d0c2f13659b258ab79cae28ef2073/jupyter_console-5.2.0-py36he59e554_1/info/test/run_test.py
jupyter,jupyter_eda,https://github.com/tranquada/jupyter_eda/blob/d67ba04ea200c9f88821e7e4f9e5a38bbb8dc519/tests/test_sample.py
jupyter,ac0n3,https://github.com/amccarty/ac0n3/blob/0b41ffc9294d0c2f13659b258ab79cae28ef2073/jupyter_core-4.4.0-py36h7c827e3_0/info/test/run_test.py
jupyter,jupyter-plotly-dash,https://github.com/GibbsConsulting/jupyter-plotly-dash/blob/d01f9d14d875b00463f3619cb21681df826e8e79/jupyter_plotly_dash/__init__.py
jupyter,jupyter-parser,https://github.com/cameres/jupyter-parser/blob/59bae7d2f6092fec16ed8c8a50e91508061aba06/parsers/__init__.py
jupyter,jupyter-plotly-dash,https://github.com/delsim/jupyter-plotly-dash/blob/ff5d9d118f1daee7dfd35bfd83377ca09c8a7f21/jupyter_plotly_dash/__init__.py
jupyter,pants,https://github.com/pantsbuild/pants/blob/b07052a4edc874c646354b8d77b8bdd3bdd09cf7/testprojects/src/python/interpreter_selection/resolver_blacklist_testing/main.py
jupyter,LearningPython,https://github.com/2nitinagarwal/LearningPython/blob/40b74fcfcceb3939ae8d580c79b5559629044838/test.py
jupyter,applicationinsights_jupyter,https://github.com/jacobmsft/applicationinsights_jupyter/blob/4352560b6310b0863731a68ff54bbab3bb543de0/applicationinsights_jupyter/__init__.py
jupyter,DataScienceWorkshop,https://github.com/joecatarata/DataScienceWorkshop/blob/8b751a50b3b8f6a1ec55ad3192d2be2226460f5a/datascience.py
jupyter,jupyter_notebook_importer,https://github.com/dbarg/jupyter_notebook_importer/blob/df00571a5b3c2ecdac60609c92679206ee7fff24/jupyter_notebook_importer/__init__.py
jupyter,jupyter-viewer-xblock,https://github.com/ibleducation/jupyter-viewer-xblock/blob/2784ca2e08649bead49bc86b1a1bb24c58ce69a9/xblock_jupyter_viewer/__init__.py
jupyter,finance,https://github.com/webstmatt/finance/blob/5193e50bce1eb91d79b9b331269ed28c0c931632/_archive/helpers2/__init__.py
jupyter,jupyter_eda,https://github.com/tranquada/jupyter_eda/blob/d67ba04ea200c9f88821e7e4f9e5a38bbb8dc519/tests/context.py
jupyter,hpctools,https://github.com/talmo/hpctools/blob/8ec44962db166c203de886018ac71e515e28bf22/hpctools/__init__.py
jupyter,pyUSID,https://github.com/pycroscopy/pyUSID/blob/02c401be1a45ec579af54838dac7158132db56d9/pyUSID/viz/__init__.py
jupyter,schemaindex,https://github.com/qiyangduan/schemaindex/blob/83bfb96c78d194370b068e11f89a9e4d6af48a46/test/start_notebook.py
jupyter,rpython1,https://github.com/kpsinghlubana/rpython1/blob/4b6bd07c4a1ffd4f8c5262765580b24c8b97a0b5/Scripts/jupyter-migrate-script.py
jupyter,rpython1,https://github.com/kpsinghlubana/rpython1/blob/4b6bd07c4a1ffd4f8c5262765580b24c8b97a0b5/Scripts/jupyter-script.py
jupyter,rpython1,https://github.com/kpsinghlubana/rpython1/blob/4b6bd07c4a1ffd4f8c5262765580b24c8b97a0b5/Scripts/jupyter-troubleshoot-script.py
jupyter,mygluon,https://github.com/tenghaha/mygluon/blob/e295a34b29713d262408c1a5e9d5ff7a1c40ea84/Scripts/jupyter-migrate-script.py
jupyter,mygluon,https://github.com/tenghaha/mygluon/blob/e295a34b29713d262408c1a5e9d5ff7a1c40ea84/Scripts/jupyter-script.py
jupyter,mygluon,https://github.com/tenghaha/mygluon/blob/e295a34b29713d262408c1a5e9d5ff7a1c40ea84/Scripts/jupyter-troubleshoot-script.py
scrapy,spiders,https://github.com/Cecilia-x/spiders/blob/ef0393933f90d9f6a91644de4ad4fd920fa05975/Test.py
scrapy,ClassExercises,https://github.com/1141938529/ClassExercises/blob/75e2b201edf594aa47b1dfe3843dd3c12207a3bd/week14/day03/test2.py
scrapy,Backup_python_learning,https://github.com/Sledy/Backup_python_learning/blob/8ab9552ab6f3e41fd84a6be87c1d7246ac9d3c02/Web%20scrapper.py
scrapy,LearnPython,https://github.com/RealSanqian/LearnPython/blob/6083f0c9d42af4694dc9241c8ac68273f0dbe683/Scrapy/helloworld.py
scrapy,PythonLearn,https://github.com/Kuangcp/PythonLearn/blob/cbcd89d88c62f16fd41fbff68c860c6111850960/learning/Spider/scrpy_learn/scrapy_first.py
scrapy,data-analysis,https://github.com/chen-eleven/data-analysis/blob/0598d4fb6520792158e2f22d3e586427136491ef/D%20A/python/%E7%88%AC%E8%99%AB%E8%A5%BF%E5%88%BA/test.py
scrapy,IMAi,https://github.com/ivanl001/IMAi/blob/5ca0a6923e1ca6f6983516cf90e6eb1313322955/03-Python%E7%88%AC%E8%99%AB/douban_book/douban_book/spiders/Spider01.py
scrapy,Recommendation,https://github.com/andyafter/Recommendation/blob/50a83b71c93f5d5644e4bd6ed43e485aa10a1b5f/scraper/experiments/basics.py
scrapy,pythonwork,https://github.com/fanch-luck/pythonwork/blob/781e834dacdcf178fb5d708823a7ec8638111113/Other_files/codefiles/scrapytest/test.py
scrapy,pythonwork,https://github.com/fanch-luck/pythonwork/blob/781e834dacdcf178fb5d708823a7ec8638111113/local_projects/scrapytest/test.py
scrapy,Propulsion,https://github.com/tritonrocketclub/Propulsion/blob/e587c40932ba38a83a09b054ae2736fc38b55d0d/Users/cflannery/_sandbox/Scrapy/main.py
scrapy,fury-train,https://github.com/Chewie23/fury-train/blob/bd3bfa629fb30ccea88adacc58e4aa2434bd4623/PyProjects/scrapy_tutorial.py
scrapy,mypython,https://github.com/chenshuo666/mypython/blob/fd545a629973421ced574caf2317c5107129c441/Jingjie/b15.py
scrapy,Xero,https://github.com/htom78/Xero/blob/6477d844fde3f3b8f91d21b15ee7f8986a505de5/fg_scrapy/__init__.py
scrapy,TCC,https://github.com/igorfonseca93/TCC/blob/3fda60b15f18e9ee3b3306f593af0c2ddbc573de/BestFlight/Crawler/crawler.py
scrapy,irhw2,https://github.com/MaksimSkavysh/irhw2/blob/05280317d64c8a807fc33de8ec53df69b1ac3e80/src/spider.py
scrapy,markov_chain,https://github.com/sajover/markov_chain/blob/9fffaddc309f5d5e6bb073a192377615066f314b/fetch_data.py
scrapy,OE7,https://github.com/Johnzero/OE7/blob/11489ed078f52a0e664db1ae8e97e3baafc653e6/openerp/addons-fg/fg_scrapy/__init__.py
scrapy,79data-code,https://github.com/formercoding/79data-code/blob/973490e2c921abd30a242de0b35d998613978dce/python/p1.py
scrapy,Giveaway,https://github.com/PrithiPal/Giveaway/blob/f0a19a70996a1b8ec62acd0a74fd66ca5c5ab0e6/giveaway/middlewares.py
scrapy,fengzhonglang,https://github.com/zenglingjie/fengzhonglang/blob/f5c9feb686ad568ae4770fe1aeb028b2561383e1/Quantitativetrading/WebAndH5Autocase/spider.py
scrapy,python-web-crawlers,https://github.com/Alexanderklau/python-web-crawlers/blob/9080a1ce77f953426ba92f8cf1ea62a5429e82d9/scrapy_example/start_urls.py
scrapy,text,https://github.com/haoyuwhy/text/blob/caa0ada141132e975463299b9f49da171324c2b8/pythonproject/test.py
scrapy,tutorial,https://github.com/shivamsinghal212/tutorial/blob/9ba510ae77858b6ac0fe7e392f707ab0efa7dc9c/spiders/quotes_spider.py
scrapy,GrowProject,https://github.com/qiualu/GrowProject/blob/3400c05f6aa6b3a5b6d25acede1614add53a1537/reptile/%E7%90%86%E8%AE%BA01/%E7%90%86%E8%AE%BA/ceshi.py
scrapy,Learn4xy,https://github.com/learn2Pro/Learn4xy/blob/eb56b236f78d0429f9044027e3fb25faf1c4e77b/code/ImgCrawler.py
scrapy,python,https://github.com/qizhaoyushiren/python/blob/418422d1d3e59308f7739c67dec2bc7d7ed6f7cd/web_scrapy.py
scrapy,python-3-essentials,https://github.com/ronizzle/python-3-essentials/blob/ea927ad43e232adbb496778977f5f11063a2bd23/src/learning-python-101/05-exercises/crawler.py
scrapy,scarpy,https://github.com/haozimao/scarpy/blob/068ebba2dee8bcf97749fa1755c5c9bee99543cd/test.py
scrapy,six-demon-bag,https://github.com/MacHu-GWU/six-demon-bag/blob/10d772d6b876086f64db39f6ddbc07e08e35a122/04_3rd_Lirbray/Scrapy/test.py
pathos,multi_rsync,https://github.com/tetanushamster/multi_rsync/blob/8e858e48049807683e52f06972280b65244af3dd/setup.py
pathos,Diploma,https://github.com/gorbunovdv/Diploma/blob/a93fd22200392acc4d15beb7b806d11c0e2068b0/python/pool/pool.py
pathos,EDM,https://github.com/AlexAksentyev/EDM/blob/49b8c8927881e601129c7e484fd1af216077f4fc/Python/multitest.py
pathos,PetFeeder,https://github.com/navinghimire/PetFeeder/blob/6fe1a5fd86566448c835ac403b7e048bb295bd4b/myscript.py
pathos,Scipy2015Summary,https://github.com/ricleal/Scipy2015Summary/blob/9331264c2718827c1d0fdf49437badc8fe176260/Pathos/ex2.py
pathos,ShanghaiShenzhenStock,https://github.com/wangyouan/ShanghaiShenzhenStock/blob/276c7fcc3b72f6f1926e06f09bb2b2e278970276/ChineseStock/utilities/multi_process_util.py
pathos,cognitive_finance_public,https://github.com/d-val/cognitive_finance_public/blob/72f23e6fce270f73c1a6da03c709a67a0e5d6900/simple_multicore.py
pathos,Scipy2015Summary,https://github.com/ricleal/Scipy2015Summary/blob/9331264c2718827c1d0fdf49437badc8fe176260/Pathos/ex1_pools.py
pathos,MicroExpressionDetector,https://github.com/vsimonis/MicroExpressionDetector/blob/fd6498aa679a31338c324a5419152bde1dd9427c/MicroExpressionDetector/tests/script_tests/active_shape_models/parallel_pool_rotation_test.py
pathos,Rustichini2015,https://github.com/CynthiaRais/Rustichini2015/blob/3aebcc0a0a4efef932bd74539616b6e9c987ec94/notebooks/fig7_data.py
pathos,184final,https://github.com/philkuz/184final/blob/9f4f2debf6d9096d622a15749444fc0378622462/data_prep/util.py
pathos,machine-learning-stats,https://github.com/rafael-paypal-solano/machine-learning-stats/blob/1a3581058e1ba48c81e6d9824f171b726d72ca8f/projects/univariative/linear-model/death-rate.py
pathos,snap-eligibility-estimate,https://github.com/mikeghen/snap-eligibility-estimate/blob/f3fa87cc375d84e50958e4ee868f77235a029037/simulation_3.py
pathos,hera_sandbox,https://github.com/HERA-Team/hera_sandbox/blob/92c20304da32beea8031a2b2c4fdf5ea7f3ab714/nsk/files/redcal_params.py
pathos,Projects,https://github.com/BackyardBrains/Projects/blob/d1f7cba6269b5e8eceda6e3a7f974253228410ca/Songbird/tester.py
pathos,dino,https://github.com/danielsuo/dino/blob/4f635fa3cd6bcf30380230cfda8ceef3cee52841/python/dino/worker.py
pathos,InstructJupyter,https://github.com/jarogames/InstructJupyter/blob/12d352b5c81b84e92b5115b72a2d253230429652/Parallel/patho.py
pathos,Rustichini2015,https://github.com/CynthiaRais/Rustichini2015/blob/3aebcc0a0a4efef932bd74539616b6e9c987ec94/notebooks/fig6_data.py
pathos,Rustichini2015,https://github.com/CynthiaRais/Rustichini2015/blob/3aebcc0a0a4efef932bd74539616b6e9c987ec94/notebooks/fig9_data.py
pathos,hkx_tf_practice,https://github.com/hkxIron/hkx_tf_practice/blob/efdff47c0f1a6c8b7f63774d5a1d762c38b8e10e/test_tf/testMultiProcess/mp_enqueue_pathos.py
pathos,hkx_tf_practice,https://github.com/hkxIron/hkx_tf_practice/blob/efdff47c0f1a6c8b7f63774d5a1d762c38b8e10e/test_tf/testMultiProcess/mp_enqueue_pathos2.py
pathos,quants,https://github.com/lisrael1/quants/blob/fbbd6c91568dea85df613cab93c706da138e5370/code/results/full%20system/7.3.%20naive%20vs%20modulo%20ROC%20plot.py
pathos,icedChainsaw,https://github.com/bigsnarfdude/icedChainsaw/blob/2158b8eaf0ccc870e444dbb74752dfd5b402e20f/find_best_threshold.py
pathos,MagicPi-Project,https://github.com/MagicPiProjectTeam/MagicPi-Project/blob/9f51597ff15cc5c49218299eee1f68b7db1dd72e/MagicPi/actions/WatcherAction.py
pathos,machine-learning,https://github.com/kovalevvlad/machine-learning/blob/bc2f1446f8ad5ee742077718cddcb01777120daf/wikipedia-traffic/parallel_predictor.py
pathos,KagglePlanetPytorch,https://github.com/Mctigger/KagglePlanetPytorch/blob/38d238131037256274f01e74898bb8f326823151/find_best_threshold.py
pathos,RetinaProject,https://github.com/linhj184169280/RetinaProject/blob/b5bc36b503f1c8357f7d55bb88369bd2fae68028/RetinaSegmentation_V1.02_Python/src/ProjectPkg/CNNTest.py
pathos,momentum,https://github.com/pierthodo/momentum/blob/3dff6b463717e5d0d70960c35f61e246fb044bb6/TD.py
pathos,alfresco_postprocessing,https://github.com/ua-snap/alfresco_postprocessing/blob/46dbb570787f7ffed3769edf0eb91ed455cff73b/bin/check_ratios_decid_conifer.py
pathos,dino,https://github.com/danielsuo/dino/blob/4f635fa3cd6bcf30380230cfda8ceef3cee52841/python/dino/cli.py
basemap,my-isc-work,https://github.com/tsegbebiyi/my-isc-work/blob/b9986809fc9426b5340ead8fef39af4705082687/Grided.py
basemap,DataScienceFP,https://github.com/gubbatuba/DataScienceFP/blob/e6edf70ec0a3abb7e2782fffbc8c597792695036/test2.py
basemap,lab,https://github.com/timmyli25/lab/blob/b6e747b7be8da4a65f24c58f250c97acd7c602a1/test.py
basemap,Farchie,https://github.com/farzaa/Farchie/blob/3c18652e0a460d6c251560b7cf1f7d79e86c4052/plot_map.py
basemap,scraperwiki-scraper-vault,https://github.com/pallih/scraperwiki-scraper-vault/blob/65ea6a943cc348a9caf3782b900b36446f7e137d/Users/F/frabcus/scipy_test.py
basemap,Data_visualization,https://github.com/samdwise1367/Data_visualization/blob/180f64cf653f6dc26ff502584c80b0d31c558c6a/matplotlib/Basemap_visualisation/basemap_basics.py
basemap,Kompas-Detik,https://github.com/adewandaru/Kompas-Detik/blob/8cf14f7d56f33b888b16e476ac8d413dc0dee6a4/plot%20(1).py
basemap,Kompas-Detik,https://github.com/adewandaru/Kompas-Detik/blob/8cf14f7d56f33b888b16e476ac8d413dc0dee6a4/plot.py
basemap,RPN,https://github.com/guziy/RPN/blob/d9cf3b4a46e97aa0269dafe015893eb4bd362758/src/demo/demo_pycharm.py
basemap,basemap-feedstock,https://github.com/conda-forge/basemap-feedstock/blob/2e6d90eed0df15d31479a14b725fd7ad50702d9c/recipe/run_test.py
basemap,vieps_mapping,https://github.com/dansand/vieps_mapping/blob/870ad7954ecc08f149035c0741c792799349b2ba/tutorials/BasemapTutorial/code_examples/first_map/first_map.py
basemap,my-blog,https://github.com/weekanghwi/my-blog/blob/a8900ee721558d43789fcb2cc954c1b8c5c70bd7/sample_anything.py
basemap,TorinoCourse,https://github.com/bmtgoncalves/TorinoCourse/blob/85ca5142c67115584d624abef62e4462f25274ff/Lecture%20VI/basemap_demo.py
basemap,something_I_should_remember,https://github.com/NemoHoHaloAi/something_I_should_remember/blob/84f3970314bde1106866c4b5453783e2e7bce11f/sbcbackup/pyfiles/basemap.py
basemap,python-practice,https://github.com/jenfly/python-practice/blob/fb9137b407630acf5462d6b391fb3819cb649a49/basemap-tutorial/code_examples/first_map/first_map.py
basemap,data-science,https://github.com/emilianocasas/data-science/blob/e076527f9f92640c59b816b72ca653fd37839859/maps.py
basemap,Matplotlib-in-Python-Guide,https://github.com/halfbloodprince16/Matplotlib-in-Python-Guide/blob/8ff5c011fbdadc39c3fc08b726b4d2c5213b87a1/9.py
basemap,python-bandwidth-iris,https://github.com/Bandwidth/python-bandwidth-iris/blob/3aeb05a7d506c776099f7ec4c495ddd58ed1cc1d/iris_sdk/models/maps/account_users.py
basemap,python-bandwidth-iris,https://github.com/Bandwidth/python-bandwidth-iris/blob/3aeb05a7d506c776099f7ec4c495ddd58ed1cc1d/iris_sdk/models/maps/available_npa_nxx.py
basemap,python-bandwidth-iris,https://github.com/Bandwidth/python-bandwidth-iris/blob/3aeb05a7d506c776099f7ec4c495ddd58ed1cc1d/iris_sdk/models/maps/available_npa_nxx_list.py
basemap,python-bandwidth-iris,https://github.com/Bandwidth/python-bandwidth-iris/blob/3aeb05a7d506c776099f7ec4c495ddd58ed1cc1d/iris_sdk/models/maps/callback_subscription.py
basemap,python-bandwidth-iris,https://github.com/Bandwidth/python-bandwidth-iris/blob/3aeb05a7d506c776099f7ec4c495ddd58ed1cc1d/iris_sdk/models/maps/calling_name.py
basemap,python-bandwidth-iris,https://github.com/Bandwidth/python-bandwidth-iris/blob/3aeb05a7d506c776099f7ec4c495ddd58ed1cc1d/iris_sdk/models/maps/cities.py
basemap,python-bandwidth-iris,https://github.com/Bandwidth/python-bandwidth-iris/blob/3aeb05a7d506c776099f7ec4c495ddd58ed1cc1d/iris_sdk/models/maps/cities_list.py
basemap,python-bandwidth-iris,https://github.com/Bandwidth/python-bandwidth-iris/blob/3aeb05a7d506c776099f7ec4c495ddd58ed1cc1d/iris_sdk/models/maps/cities_short_list.py
basemap,python-bandwidth-iris,https://github.com/Bandwidth/python-bandwidth-iris/blob/3aeb05a7d506c776099f7ec4c495ddd58ed1cc1d/iris_sdk/models/maps/city.py
basemap,python-bandwidth-iris,https://github.com/Bandwidth/python-bandwidth-iris/blob/3aeb05a7d506c776099f7ec4c495ddd58ed1cc1d/iris_sdk/models/maps/disc_numbers.py
basemap,python-bandwidth-iris,https://github.com/Bandwidth/python-bandwidth-iris/blob/3aeb05a7d506c776099f7ec4c495ddd58ed1cc1d/iris_sdk/models/maps/dlda_order_response.py
basemap,python-bandwidth-iris,https://github.com/Bandwidth/python-bandwidth-iris/blob/3aeb05a7d506c776099f7ec4c495ddd58ed1cc1d/iris_sdk/models/maps/dlda_tn_groups.py
basemap,python-bandwidth-iris,https://github.com/Bandwidth/python-bandwidth-iris/blob/3aeb05a7d506c776099f7ec4c495ddd58ed1cc1d/iris_sdk/models/maps/dldas.py
cartopy,conda-recipes,https://github.com/cistools/conda-recipes/blob/743db6262bf8ec7e6151b3bdfe7dd966b9f8f2c7/cartopy/run_test.py
cartopy,cartopy-feedstock,https://github.com/conda-forge/cartopy-feedstock/blob/c45a883109536ce674c0525710504e12e99e9b62/recipe/run_test.py
cartopy,lrnpython,https://github.com/austurist/lrnpython/blob/d245ad52b3bce6d415413d4d95c951831181a1b1/VizTest/src/cartopy_sample.py
cartopy,conda-recipes-pyoceans,https://github.com/jakirkham/conda-recipes-pyoceans/blob/4453b5dd49afb23ef8d08befa44f9af0b2ec7581/cartopy/run_test.py
cartopy,conda-recipes-scitools,https://github.com/SciTools/conda-recipes-scitools/blob/c2076762c84384f6c3fa79573e2707e3e8f7fc87/cartopy/run_test.py
cartopy,mpl_mapping_trial,https://github.com/pelson/mpl_mapping_trial/blob/bcec82d862fdec156ad057c5a0fd14b9ca47aeff/examples/graphics/coastlines.py
cartopy,Training_Base,https://github.com/Zarrathustra/Training_Base/blob/a53dcab206c8e9ab47d81ff5c4b7f8543756e6dc/Learn_Cartopy/Playground/src/Likelihood_Map.py
cartopy,mplotutils,https://github.com/mathause/mplotutils/blob/d3e54939834e590998b1412f444a85304cdfd6ad/mplotutils/__init__.py
cartopy,whenwhere,https://github.com/nsrivast/whenwhere/blob/00313f2e9ddd42feab7c584cff4efcfd6210860c/test_plot.py
cartopy,VitBer,https://github.com/EilifSwe/VitBer/blob/73589c1b14ffc387d7247b51732fdd6954c59f7c/Tutorial_PlottingFunctions.py
cartopy,desktop_python_scripts,https://github.com/PaulHalloran/desktop_python_scripts/blob/325e923527278a5c3e9ab8c978f29b2816dab087/plot_wind_vectors.py
cartopy,DEV,https://github.com/akrherz/DEV/blob/48a639fe7c9c220be1b13db1de1e4734e4a2d91d/cartopy/issue803.py
cartopy,learnP,https://github.com/martinfleis/learnP/blob/513adc86c1617e1a9654343a3bb7d0c694bbb9a1/Automating%20GIS/libraries.py
cartopy,Scratch,https://github.com/fronchetti/Scratch/blob/6f5cae6e7a4de0a6376ea748886bb72c89ac5378/map.py
cartopy,conda-recipes,https://github.com/ioos/conda-recipes/blob/a0210066ddb86acd8bd9e21b383205388b2fbef9/recipes/cartopy/run_test.py
cartopy,notes-python,https://github.com/heibailang0318/notes-python/blob/52b26fb346e8106b6b8abd4c8830580eb96c547e/2_%E6%95%B0%E6%8D%AE%E5%88%86%E6%9E%90/matplotlib_pyplot_test04.py
cartopy,scitools.org.uk,https://github.com/pelson/scitools.org.uk/blob/780a84e05008c402b966fa6245263090e4b67227/cartopy/docs/v0.4/matplotlib/intro-1.py
cartopy,scitools.org.uk,https://github.com/pelson/scitools.org.uk/blob/780a84e05008c402b966fa6245263090e4b67227/cartopy/docs/v0.5/matplotlib/intro-1.py
cartopy,scitools.org.uk,https://github.com/pelson/scitools.org.uk/blob/780a84e05008c402b966fa6245263090e4b67227/cartopy/docs/v0.6/matplotlib/intro-1.py
cartopy,scitools.org.uk,https://github.com/pelson/scitools.org.uk/blob/780a84e05008c402b966fa6245263090e4b67227/cartopy/docs/v0.7/matplotlib/intro-1.py
cartopy,scitools.org.uk,https://github.com/pelson/scitools.org.uk/blob/780a84e05008c402b966fa6245263090e4b67227/cartopy/docs/v0.8/matplotlib/intro-1.py
cartopy,scitools.org.uk,https://github.com/pelson/scitools.org.uk/blob/780a84e05008c402b966fa6245263090e4b67227/cartopy/docs/v0.9/matplotlib/intro-1.py
cartopy,scitools.org.uk,https://github.com/pelson/scitools.org.uk/blob/780a84e05008c402b966fa6245263090e4b67227/cartopy/docs/v0.4/matplotlib/intro-2.py
cartopy,scitools.org.uk,https://github.com/pelson/scitools.org.uk/blob/780a84e05008c402b966fa6245263090e4b67227/cartopy/docs/v0.5/matplotlib/intro-2.py
cartopy,scitools.org.uk,https://github.com/pelson/scitools.org.uk/blob/780a84e05008c402b966fa6245263090e4b67227/cartopy/docs/v0.6/matplotlib/intro-2.py
cartopy,scitools.org.uk,https://github.com/pelson/scitools.org.uk/blob/780a84e05008c402b966fa6245263090e4b67227/cartopy/docs/v0.7/matplotlib/intro-2.py
cartopy,scitools.org.uk,https://github.com/pelson/scitools.org.uk/blob/780a84e05008c402b966fa6245263090e4b67227/cartopy/docs/v0.8/matplotlib/intro-2.py
cartopy,scitools.org.uk,https://github.com/pelson/scitools.org.uk/blob/780a84e05008c402b966fa6245263090e4b67227/cartopy/docs/v0.9/matplotlib/intro-2.py
cartopy,scitools.org.uk,https://github.com/pelson/scitools.org.uk/blob/780a84e05008c402b966fa6245263090e4b67227/cartopy/docs/v0.8/crs/projections-1.py
cartopy,scitools.org.uk,https://github.com/pelson/scitools.org.uk/blob/780a84e05008c402b966fa6245263090e4b67227/cartopy/docs/v0.9/crs/projections-1.py
bagit,bagit-ro,https://github.com/ResearchObject/bagit-ro/blob/a0ac00e2bd17e29608f17ae5ed172ce54af3f94d/validate.py
bagit,bagit-utils,https://github.com/jdurno/bagit-utils/blob/8289fdd6b393e3bd34eec807fee860a8babd4575/checkbag.py
bagit,o2r-bagtainers,https://github.com/o2r-project/o2r-bagtainers/blob/2e8831acf24416980dc9631d2331bdc63c643254/0007-1/data/container/validate.py
bagit,o2r-bagtainers,https://github.com/o2r-project/o2r-bagtainers/blob/2e8831acf24416980dc9631d2331bdc63c643254/0007/data/container/validate.py
bagit,o2r-bagtainers,https://github.com/o2r-project/o2r-bagtainers/blob/2e8831acf24416980dc9631d2331bdc63c643254/0010/data/container/validate.py
bagit,bagit-profiles-validator,https://github.com/bagit-profiles/bagit-profiles-validator/blob/05f0e0d3e4b4ab1e415d33eb58a5848c4723c6b0/module_test.py
bagit,o2r-shipper,https://github.com/o2r-project/o2r-shipper/blob/eb788fcf84d16ecd0bf2430cf6a20fdcd449a04a/repos/repoclass.py
bagit,forensics_at_accession_scrips,https://github.com/UAlbanyArchives/forensics_at_accession_scrips/blob/bc86d507e8836e749d8e22494de870e8ae3a55e2/bagTime.py
bagit,trusty,https://github.com/little9/trusty/blob/3fe4c8e00f94a8850c309fce4a4560b81ba2dbff/test.py
bagit,bagit-python,https://github.com/LibraryOfCongress/bagit-python/blob/a3a8702842d4ccd02486e5a9cf85ca8ad2b02995/bench.py
bagit,bagit-rk,https://github.com/RKrahl/bagit-rk/blob/61c71db7a2def9fade5af2fa025a26a2c35f5cd4/bench.py
bagit,dpres-ipt,https://github.com/Digital-Preservation-Finland/dpres-ipt/blob/eed6c6f6241def34ea2497221844ea7dd56e3034/tests/scripts/bagit_utils_test.py
bagit,forensics_at_accession_scrips,https://github.com/UAlbanyArchives/forensics_at_accession_scrips/blob/bc86d507e8836e749d8e22494de870e8ae3a55e2/fsstatTime.py
bagit,bagit-utils,https://github.com/jdurno/bagit-utils/blob/8289fdd6b393e3bd34eec807fee860a8babd4575/checkbagMulti.py
bagit,pybagit,https://github.com/ahankinson/pybagit/blob/5c5bca99b77a4338e9700eae5c6cb7b733b8ac57/test/bagversion.py
bagit,eresource-tools,https://github.com/NYPL/eresource-tools/blob/a4e561d713bc5854972b940fd8d2d04894ab1866/setup.py
bagit,bagit-profiles-validator,https://github.com/bagit-profiles/bagit-profiles-validator/blob/05f0e0d3e4b4ab1e415d33eb58a5848c4723c6b0/test.py
bagit,datapreservation,https://github.com/jbkrause/datapreservation/blob/3a824a82ce4c91bf7aa042c226329ea5f0963d78/bagBatchCreate.py
bagit,bagit,https://github.com/ahankinson/bagit/blob/3c7e80625b093713942fdf58cba7ba53a6511e6d/bench.py
bagit,ouroboros,https://github.com/WSULib/ouroboros/blob/d6164d0d20c0cf9a7e5695c5cb73ef5abb7c9582/WSUDOR_Manager/actions/aem/__init__.py
bagit,curationscripts,https://github.com/gvsulib/curationscripts/blob/34045880eed62968fec314f19dc66393445ae028/regen_bagit_manifest.py
bagit,pybagit,https://github.com/ahankinson/pybagit/blob/5c5bca99b77a4338e9700eae5c6cb7b733b8ac57/test/bagupdate.py
bagit,pkppln,https://github.com/mjordan/pkppln/blob/b1f4fbbab7016c3162635b11bc000ba15dceb979/services/microservices/validate_bag.py
bagit,bagit-rk,https://github.com/RKrahl/bagit-rk/blob/118eb58dc7af2a2a0ef6d023564c96cf86157b97/setup.py
bagit,ouroboros,https://github.com/WSULib/ouroboros/blob/d6164d0d20c0cf9a7e5695c5cb73ef5abb7c9582/WSUDOR_Manager/actions/createBag/__init__.py
bagit,bulk_bagger,https://github.com/StateArchivesOfNorthCarolina/bulk_bagger/blob/78ee9fe2fd946d4f69262afab458b368f40f4463/mover_classes/SANCBagger.py
bagit,opensrf101,https://github.com/mjgiarlo/opensrf101/blob/a9de71f0294c99828eadb0e490677b563b3b695b/atomic_client.py
bagit,opensrf101,https://github.com/mjgiarlo/opensrf101/blob/a9de71f0294c99828eadb0e490677b563b3b695b/micro_client.py
bagit,bag_validate,https://github.com/lgadsden/bag_validate/blob/99f946858ca18c3aebc18b079e22f3324946e7fd/forbag.py
bagit,bag_validate,https://github.com/lgadsden/bag_validate/blob/99f946858ca18c3aebc18b079e22f3324946e7fd/forbag1.py
xlrd,Python,https://github.com/bigperm17/Python/blob/5c2ce5e5092d2c16cfbf51f63b4b744b17936fc5/Excel_Import.py
xlrd,py-justpy,https://github.com/a13821190779/py-justpy/blob/c962616cdb81278e395312d489bf0a5929c56195/src/txt2Excel.py
xlrd,ecg,https://github.com/sunnyfrancis73/ecg/blob/67e1fc81684abd07887b6c4daa369dcd765c579c/EXL.py
xlrd,gtaa_n7k,https://github.com/cisco-gve/gtaa_n7k/blob/58f16ca0bde03b0daafedc99f555b48c3d4f8995/controllers/excel.py
xlrd,golibdoc,https://github.com/zhlib/golibdoc/blob/3b9b821b91ffb33bf2864ad80b26afee22ca8914/excel/excel.py
xlrd,KFF_interface,https://github.com/a31503214/KFF_interface/blob/16e2924d854c5bafb9587aab5b45eda50a630e29/common/excel_reader.py
xlrd,LR_model,https://github.com/Daistory/LR_model/blob/d2483289f5d8878a7c3e53083902436d54a101cc/main.py
xlrd,Test,https://github.com/Jiede1/Test/blob/120fde672970e10fa38d63f0b22495806f937d26/xlrd.py
xlrd,2017Projects,https://github.com/jbucci1990/2017Projects/blob/a4edbc4305c5c97acc1c5806485a2d2b9f6fa257/test3.py
xlrd,2017Projects,https://github.com/jbucci1990/2017Projects/blob/e8e36734ca333de7c8f7e8ad40146acf5d59f9e5/test.py
xlrd,cocostools,https://github.com/zhengshiyu/cocostools/blob/607ab784dc36422f3efde8b615dd02dc4b6359cb/python/testtest.py
xlrd,Github,https://github.com/rooklyn21/Github/blob/0703af5b82d68d238baaea07bc7cbb42f753f50a/python/xml2xls/convertXML.py
xlrd,awarenesssystem,https://github.com/s4silver/awarenesssystem/blob/4bdff089df5c7c1fb4427ce5016ce75eef9aa302/exceldatabasemanupulation.py
xlrd,mydata,https://github.com/kisichen/mydata/blob/2859f3d5581ac951261b63f288a087bd2dcd7017/a1.py
xlrd,pys15-train,https://github.com/willihamilton/pys15-train/blob/faf4af2e91a722be706bd679d0eba577eaa400e9/day16/test.py
xlrd,RBFnetfit,https://github.com/3chrisprosise/RBFnetfit/blob/4934ea2acfda8227e6aa422d7d9db51e30b56575/RBF.py
xlrd,spider,https://github.com/mrphy/spider/blob/b64e756cd1c7b7782ae58c994d6208218084c423/GCW_spider/conversion.py
xlrd,pythoncode,https://github.com/whuhan2013/pythoncode/blob/1bb01f51b0af1dcf2a0d127baae81da937af1fec/showmecode/day17/student.py
xlrd,test,https://github.com/cdw929/test/blob/fe4cc4e54d5e8c93914fb20021de9cc4c87c255f/resource/methods.py
xlrd,UdaCityLearning,https://github.com/CutePandaSh/UdaCityLearning/blob/5e616cd3541bb1a1bd482f76248df7e02267a3a6/Chapter%204/test.py
xlrd,RandExcel,https://github.com/qingjun6093/RandExcel/blob/a1ff44b527995418ad36af5985cebfe22823285b/WRExcel.py
xlrd,Python,https://github.com/HalaWKS/Python/blob/434c93441cf846b190f6e8290edcc9963c572653/get_data_from_excel.py
xlrd,PythonAdv1,https://github.com/jbj88817/PythonAdv1/blob/63ddcec056d954435c2a29ffddc275add15d8b1a/6/6-5.py
xlrd,Python,https://github.com/PiterGTX/Python/blob/0b08d50d18daeb4d43e8cb2421d0940def8cbcf8/test/1.9.py
xlrd,pythonStudy,https://github.com/shenliang34/pythonStudy/blob/fbabe28ee7e3a6690889106b0b2536a21ec0dfe6/readXls.py
xlrd,hello-world,https://github.com/hvorerholger/hello-world/blob/4726f4da7d0145bb574d1f2a6c82ee441dd1977f/MijnPythonScripts/hello.py
xlrd,PythPars,https://github.com/Cartmanidze/PythPars/blob/74e31a2cb2850917f2bc94e0dd4018b92b508fab/parsExcel/writeExcel.py
xlrd,jiandan,https://github.com/Xuruixin1/jiandan/blob/7ca7ddf36693ead8ca207e7052dc3fb19d25878a/tt.py
xlrd,MSRCSWork,https://github.com/phanigadde/MSRCSWork/blob/018899a0247ee158605e7a7db07ff3e353685085/POSCSMSR/src/preprocessingFB/readFromExcel.py
xlrd,Dynamic-Dashboard-2015,https://github.com/CSC-ORG/Dynamic-Dashboard-2015/blob/4191c4c4c3df1227408c476bf797914af67fee3a/engine/api/analytics/store.py
iris,python-iris,https://github.com/gdanko/python-iris/blob/5916bf7fc5e5dd5f20c8177770df0f7cfb490732/iris/__init__.py
iris,tensorflow_test,https://github.com/tsintian/tensorflow_test/blob/9f571a2c08e251c2a36857f39b234c98816cba15/dataset_tf.py
iris,FridAI,https://github.com/JulianNeuberger/FridAI/blob/ecc2a31c1c9f15795a2ffc12bdfaeb8fe330b340/iris/__main__.py
iris,iris,https://github.com/mozilla/iris/blob/6bf51727f7fb2da43895fd6a533eedc35d1520eb/iris/__debug__.py
iris,iris,https://github.com/DeepHorizons/iris/blob/1a296a8011b308894e362ddfff45e01bb8b26530/app.py
iris,iris,https://github.com/MavenHyun/iris/blob/40383c980c1b4ad28ab0262084efee26c686115f/main.py
iris,Iris,https://github.com/Ejhfast/Iris/blob/b11221a56ce32502bc9f1321c2afae8741ca837c/iris/__init__.py
iris,desktop_python_scripts,https://github.com/PaulHalloran/desktop_python_scripts/blob/325e923527278a5c3e9ab8c978f29b2816dab087/common_imports.py
iris,deep-learning,https://github.com/alex-epp/deep-learning/blob/e1219a9788c82affa6fc553079bb0920e2c753a0/exercises/iris/test.py
iris,iris-backend,https://github.com/Ejhfast/iris-backend/blob/f591443b2d3449d2b696c508f42787e3e4bf6721/iris/state_machine/model.py
iris,iris-ncats,https://github.com/mguo123/iris-ncats/blob/6fcd19e0b9fb76310bd9b7e9200d97726fd43025/python_compiled_backend/app/iris/state_machine/model.py
iris,skdata,https://github.com/palmer0914/skdata/blob/fb08e82cdd4fc080bd619ab5acdb0d82aee30787/skdata/iris/__init__.py
iris,skdata,https://github.com/jaberg/skdata/blob/fb08e82cdd4fc080bd619ab5acdb0d82aee30787/skdata/iris/__init__.py
iris,iris-agent,https://github.com/Ejhfast/iris-agent/blob/897a15f2f6c2527140d274167ad05215295023b2/python_compiled_backend/app/iris/state_machine/model.py
iris,desktop_python_scripts,https://github.com/PaulHalloran/desktop_python_scripts/blob/325e923527278a5c3e9ab8c978f29b2816dab087/monthly_to_yearly.py
iris,macbook_pythion_scipts,https://github.com/PaulHalloran/macbook_pythion_scipts/blob/782b03dfd9799eb2d3dc84fea7768ca003dd77bf/monthly_to_yearly.py
iris,desktop_python_scripts,https://github.com/PaulHalloran/desktop_python_scripts/blob/325e923527278a5c3e9ab8c978f29b2816dab087/processing_cmip5_geo3231.py
iris,simple-modeling-experiment,https://github.com/mikekwright/simple-modeling-experiment/blob/b700b2e827167f5d8969f8078729060360cc72b9/modeling/data/__init__.py
iris,iris-ncats,https://github.com/mguo123/iris-ncats/blob/6fcd19e0b9fb76310bd9b7e9200d97726fd43025/backend/iris/core.py
iris,test-deploy,https://github.com/mluajy/test-deploy/blob/8550eb8603e1fbdab715e67b48b13e768ab7c98b/Model/Dataset.py
iris,ml_exp,https://github.com/aashudwivedi/ml_exp/blob/5316cb3a7dffd2436801e352e1fb7417e8df952e/tnet.py
iris,mlprodict,https://github.com/sdpython/mlprodict/blob/2d823b820438da48b9445e74d9904b1d54f177cf/src/mlprodict/testing/__init__.py
iris,revolio,https://github.com/BenBlaisdell/revolio/blob/f90eda7ec836434c7c6d3a7a8bddfc789972c8f3/src/iris/core/wsgi.py
iris,microsoft-hack,https://github.com/informatics-lab/microsoft-hack/blob/fbedc3bc0505f23a1f8ec12c022c6a45a1323800/data_api/bot/__init__.py
iris,CaloriaModel,https://github.com/Caloria/CaloriaModel/blob/37530293225a37cab97e150e5b7de90c70d63ae2/Model/Dataset.py
iris,theaV2,https://github.com/mikewalker92/theaV2/blob/e892242376357054941664d44c79463753ed102a/thea/lib/services/load_file_service.py
iris,tubesml,https://github.com/kevinantariksa/tubesml/blob/cffb83320a794e4d8c80598796ca5110ae4da4d2/Model/Dataset.py
iris,iris-agent,https://github.com/Ejhfast/iris-agent/blob/20afab18c8ef6eb6aba1974617b658b4b84d46bf/backend/iris/core.py
iris,SuperSlackBot,https://github.com/theabraxas/SuperSlackBot/blob/accb737a57650aad9c655e9dc8f462e341a613c3/run_iris.py
iris,iris-backend,https://github.com/Ejhfast/iris-backend/blob/f591443b2d3449d2b696c508f42787e3e4bf6721/iris/__init__.py